PID,B(Lat),L(Long),H,Bx,Ly,ReF,MCODE1,MCODE2,MCODE3
10001,0,0,2.766,-232.196,284.493,0,0,0,0
10002,0,0,2.819,-231.363,282.424,0,0,0,0
10003,0,0,2.881,-230.244,279.649,0,0,0,0
10004,0,0,2.88,-228.945,276.945,0,0,0,0
10005,0,0,2.875,-227.65,274.251,0,0,0,0
10006,0,0,2.423,-226.062,271.037,0,0,0,0
10007,0,0,2.423,-224.743,268.365,0,0,0,0
10008,0,0,2.423,-223.105,265.317,0,0,0,0
10009,0,0,2.423,-221.692,262.696,0,0,0,0
10010,0,0,2.423,-220.689,260.834,0,0,0,0
10011,0,0,2.404,-219.27,258.202,0,0,0,0
10012,0,0,2.374,-217.709,255.367,0,0,0,0
10013,0,0,2.36,-216.261,252.735,0,0,0,0
10014,0,0,2.335,-215.455,251.394,0,0,0,0
10015,0,0,2.31,-214.82,250.316,0,0,0,0
10016,0,0,2.293,-213.905,248.687,0,0,0,0
10017,0,0,2.282,-213.409,247.805,0,0,0,0
10018,0,0,2.271,-212.913,246.924,0,0,0,0
10019,0,0,2.26,-212.417,246.043,0,0,0,0
10020,0,0,2.249,-211.921,245.161,0,0,0,0
10021,0,0,2.238,-211.425,244.28,0,0,0,0
10022,0,0,2.227,-210.929,243.399,0,0,0,0
10023,0,0,2.216,-210.433,242.517,0,0,0,0
10024,0,0,2.205,-209.938,241.636,0,0,0,0
10025,0,0,2.194,-209.442,240.755,0,0,0,0
10026,0,0,2.183,-208.946,239.874,0,0,0,0
10027,0,0,2.172,-208.45,238.992,0,0,0,0
10028,0,0,2.161,-207.954,238.111,0,0,0,0
10029,0,0,2.15,-207.458,237.23,0,0,0,0
10030,0,0,2.139,-206.962,236.348,0,0,0,0
10031,0,0,2.128,-206.467,235.467,0,0,0,0
10032,0,0,2.117,-205.971,234.586,0,0,0,0
10033,0,0,2.106,-205.475,233.704,0,0,0,0
10034,0,0,2.095,-204.979,232.823,0,0,0,0
10035,0,0,2.084,-204.483,231.942,0,0,0,0
10036,0,0,2.073,-203.987,231.061,0,0,0,0
10037,0,0,2.062,-203.491,230.179,0,0,0,0
10038,0,0,2.051,-202.995,229.298,0,0,0,0
10039,0,0,2.04,-202.5,228.417,0,0,0,0
10040,0,0,2.029,-202.004,227.535,0,0,0,0
10041,0,0,2.018,-201.508,226.654,0,0,0,0
10042,0,0,2.007,-201.012,225.773,0,0,0,0
10043,0,0,1.996,-200.516,224.891,0,0,0,0
10044,0,0,1.985,-200.02,224.01,0,0,0,0
10045,0,0,1.974,-199.524,223.129,0,0,0,0
10046,0,0,1.963,-199.029,222.248,0,0,0,0
10047,0,0,1.952,-198.533,221.366,0,0,0,0
10048,0,0,1.941,-198.037,220.485,0,0,0,0
10049,0,0,1.93,-197.541,219.604,0,0,0,0
10050,0,0,1.919,-197.045,218.722,0,0,0,0
10051,0,0,1.908,-196.549,217.841,0,0,0,0
10052,0,0,1.897,-196.053,216.96,0,0,0,0
10053,0,0,1.886,-195.557,216.078,0,0,0,0
10054,0,0,1.875,-195.062,215.197,0,0,0,0
10055,0,0,1.864,-194.566,214.316,0,0,0,0
10056,0,0,1.853,-194.07,213.435,0,0,0,0
10057,0,0,1.842,-193.574,212.553,0,0,0,0
10058,0,0,1.831,-193.078,211.672,0,0,0,0
10059,0,0,1.82,-192.582,210.791,0,0,0,0
10060,0,0,1.809,-192.086,209.909,0,0,0,0
10061,0,0,1.798,-191.591,209.028,0,0,0,0
10062,0,0,1.787,-191.095,208.147,0,0,0,0
10063,0,0,1.776,-190.599,207.265,0,0,0,0
10064,0,0,1.765,-190.103,206.384,0,0,0,0
10065,0,0,1.754,-189.607,205.503,0,0,0,0
10066,0,0,1.743,-189.111,204.622,0,0,0,0
10067,0,0,1.732,-188.615,203.74,0,0,0,0
10068,0,0,1.721,-188.119,202.859,0,0,0,0
10069,0,0,1.71,-187.624,201.978,0,0,0,0
10070,0,0,1.699,-187.128,201.096,0,0,0,0
10071,0,0,1.688,-186.632,200.215,0,0,0,0
10072,0,0,1.677,-186.136,199.334,0,0,0,0
10073,0,0,1.666,-185.64,198.452,0,0,0,0
10074,0,0,1.655,-185.144,197.571,0,0,0,0
10075,0,0,1.644,-184.648,196.69,0,0,0,0
10076,0,0,1.633,-184.153,195.809,0,0,0,0
10077,0,0,1.622,-183.657,194.927,0,0,0,0
10078,0,0,1.611,-183.161,194.046,0,0,0,0
10079,0,0,1.6,-182.665,193.165,0,0,0,0
10080,0,0,1.589,-182.169,192.283,0,0,0,0
10081,0,0,1.578,-181.673,191.402,0,0,0,0
10082,0,0,1.567,-181.177,190.521,0,0,0,0
10083,0,0,1.556,-180.682,189.64,0,0,0,0
10084,0,0,1.54,-180.045,188.655,0,0,0,0
10085,0,0,1.518,-179.409,187.67,0,0,0,0
10086,0,0,1.502,-178.772,186.685,0,0,0,0
10087,0,0,1.566,-178.136,185.7,0,0,0,0
10088,0,0,1.48,-177.5,184.715,0,0,0,0
10089,0,0,1.478,-177.004,183.833,0,0,0,0
10090,0,0,1.455,-176.508,182.952,0,0,0,0
10091,0,0,1.443,-176.012,182.071,0,0,0,0
10092,0,0,1.474,-175.517,181.19,0,0,0,0
10093,0,0,1.461,-175.021,180.308,0,0,0,0
10094,0,0,1.424,-174.525,179.427,0,0,0,0
10095,0,0,1.328,-174.029,178.546,0,0,0,0
10096,0,0,1.408,-173.534,177.665,0,0,0,0
10097,0,0,1.44,-172.759,176.399,0,0,0,0
10098,0,0,1.394,-171.852,174.906,0,0,0,0
10099,0,0,1.391,-170.955,173.346,0,0,0,0
10100,0,0,1.368,-170.14,171.741,0,0,0,0
10101,0,0,1.35,-169.456,170.077,0,0,0,0
10102,0,0,1.354,-168.954,168.349,0,0,0,0
10103,0,0,1.291,-168.688,166.571,0,0,0,0
10104,0,0,1.343,-168.714,164.773,0,0,0,0
10105,0,0,1.324,-169.078,163.013,0,0,0,0
10106,0,0,1.308,-169.769,161.354,0,0,0,0
10107,0,0,1.285,-170.728,159.833,0,0,0,0
10108,0,0,1.311,-171.896,158.465,0,0,0,0
10109,0,0,1.336,-173.218,157.244,0,0,0,0
10110,0,0,1.335,-174.65,156.155,0,0,0,0
10111,0,0,1.352,-176.155,155.169,0,0,0,0
10112,0,0,1.373,-177.803,154.213,0,0,0,0
10113,0,0,1.379,-178.7,153.708,0,0,0,0
10114,0,0,1.386,-179.598,153.204,0,0,0,0
10115,0,0,1.392,-180.495,152.699,0,0,0,0
10116,0,0,1.399,-181.393,152.195,0,0,0,0
10117,0,0,1.405,-182.29,151.69,0,0,0,0
10118,0,0,1.412,-183.188,151.185,0,0,0,0
10119,0,0,1.418,-184.085,150.681,0,0,0,0
10120,0,0,1.425,-184.983,150.177,0,0,0,0
10121,0,0,1.431,-185.88,149.672,0,0,0,0
10122,0,0,1.438,-186.778,149.168,0,0,0,0
10123,0,0,1.444,-187.676,148.663,0,0,0,0
10124,0,0,1.451,-188.573,148.159,0,0,0,0
10125,0,0,1.457,-189.471,147.654,0,0,0,0
10126,0,0,1.464,-190.368,147.149,0,0,0,0
10127,0,0,1.47,-191.266,146.645,0,0,0,0
10128,0,0,1.477,-192.163,146.141,0,0,0,0
10129,0,0,1.483,-193.061,145.636,0,0,0,0
10130,0,0,1.49,-193.958,145.132,0,0,0,0
10131,0,0,1.496,-194.856,144.627,0,0,0,0
10132,0,0,1.503,-195.754,144.123,0,0,0,0
10133,0,0,1.451,-196.607,143.601,0,0,0,0
10134,0,0,1.48,-197.444,143.054,0,0,0,0
10135,0,0,1.442,-198.261,142.478,0,0,0,0
10136,0,0,1.469,-199.054,141.868,0,0,0,0
10137,0,0,1.486,-199.814,141.219,0,0,0,0
10138,0,0,1.489,-200.536,140.528,0,0,0,0
10139,0,0,1.505,-201.213,139.791,0,0,0,0
10140,0,0,1.509,-201.834,139.008,0,0,0,0
10141,0,0,1.505,-202.392,138.179,0,0,0,0
10142,0,0,1.505,-202.877,137.304,0,0,0,0
10143,0,0,1.506,-203.277,136.388,0,0,0,0
10144,0,0,1.49,-203.584,135.437,0,0,0,0
10145,0,0,1.486,-203.798,134.461,0,0,0,0
10146,0,0,1.483,-203.922,133.469,0,0,0,0
10147,0,0,1.492,-203.962,132.47,0,0,0,0
10148,0,0,1.465,-203.923,131.471,0,0,0,0
10149,0,0,1.472,-203.814,130.477,0,0,0,0
10150,0,0,1.445,-203.64,129.491,0,0,0,0
10151,0,0,1.424,-203.408,128.52,0,0,0,0
10152,0,0,1.432,-203.126,127.56,0,0,0,0
10153,0,0,1.417,-202.8,126.615,0,0,0,0
10154,0,0,1.411,-202.437,125.683,0,0,0,0
10155,0,0,1.4,-202.043,124.764,0,0,0,0
10156,0,0,1.37,-201.625,123.856,0,0,0,0
10157,0,0,1.375,-201.189,122.956,0,0,0,0
10158,0,0,1.379,-200.473,121.524,0,0,0,0
10159,0,0,1.365,-199.929,120.5,0,0,0,0
10160,0,0,1.355,-199.428,119.611,0,0,0,0
10161,0,0,1.359,-198.927,118.722,0,0,0,0
10162,0,0,1.362,-198.426,117.833,0,0,0,0
10163,0,0,1.366,-197.925,116.944,0,0,0,0
10164,0,0,1.37,-197.424,116.055,0,0,0,0
10165,0,0,1.373,-196.923,115.166,0,0,0,0
10166,0,0,1.377,-196.422,114.277,0,0,0,0
10167,0,0,1.38,-195.921,113.388,0,0,0,0
10168,0,0,1.384,-195.42,112.499,0,0,0,0
10169,0,0,1.388,-194.919,111.61,0,0,0,0
10170,0,0,1.391,-194.418,110.721,0,0,0,0
10171,0,0,1.395,-193.917,109.832,0,0,0,0
10172,0,0,1.398,-193.416,108.943,0,0,0,0
10173,0,0,1.402,-192.915,108.054,0,0,0,0
10174,0,0,1.406,-192.414,107.165,0,0,0,0
10175,0,0,1.409,-191.913,106.276,0,0,0,0
10176,0,0,1.413,-191.412,105.387,0,0,0,0
10177,0,0,1.416,-190.912,104.498,0,0,0,0
10178,0,0,1.308,-190.371,103.657,0,0,0,0
10179,0,0,1.293,-189.793,102.841,0,0,0,0
10180,0,0,1.287,-189.166,102.062,0,0,0,0
10181,0,0,1.273,-188.48,101.335,0,0,0,0
10182,0,0,1.262,-187.73,100.675,0,0,0,0
10183,0,0,1.237,-186.912,100.101,0,0,0,0
10184,0,0,1.209,-186.029,99.633,0,0,0,0
10185,0,0,1.214,-185.088,99.295,0,0,0,0
10186,0,0,1.184,-184.107,99.109,0,0,0,0
10187,0,0,1.178,-183.108,99.075,0,0,0,0
10188,0,0,1.172,-182.114,99.176,0,0,0,0
10189,0,0,1.144,-181.138,99.392,0,0,0,0
10190,0,0,1.146,-180.188,99.701,0,0,0,0
10191,0,0,1.161,-179.263,100.082,0,0,0,0
10192,0,0,1.139,-178.363,100.516,0,0,0,0
10193,0,0,1.136,-177.479,100.985,0,0,0,0
10194,0,0,1.13,-176.606,101.471,0,0,0,0
10195,0,0,1.068,-175.732,101.958,0,0,0,0
10196,0,0,1.086,-173.918,102.912,0,0,0,0
10197,0,0,1.084,-172.61,103.643,0,0,0,0
10198,0,0,1.08,-171.723,104.134,0,0,0,0
10199,0,0,1.076,-170.837,104.626,0,0,0,0
10200,0,0,1.073,-169.95,105.118,0,0,0,0
10201,0,0,1.069,-169.064,105.61,0,0,0,0
10202,0,0,1.065,-168.177,106.102,0,0,0,0
10203,0,0,1.061,-167.291,106.594,0,0,0,0
10204,0,0,1.057,-166.404,107.086,0,0,0,0
10205,0,0,1.053,-165.518,107.578,0,0,0,0
10206,0,0,1.049,-164.632,108.07,0,0,0,0
10207,0,0,1.046,-163.745,108.562,0,0,0,0
10208,0,0,1.042,-162.859,109.054,0,0,0,0
10209,0,0,1.038,-161.972,109.545,0,0,0,0
10210,0,0,1.034,-161.086,110.037,0,0,0,0
10211,0,0,1.03,-160.199,110.529,0,0,0,0
10212,0,0,1.026,-159.313,111.021,0,0,0,0
10213,0,0,1.022,-158.427,111.513,0,0,0,0
10214,0,0,1.019,-157.54,112.005,0,0,0,0
10215,0,0,1.015,-156.654,112.497,0,0,0,0
10216,0,0,1.011,-155.767,112.989,0,0,0,0
10217,0,0,1.007,-154.881,113.481,0,0,0,0
10218,0,0,1.003,-153.994,113.973,0,0,0,0
10219,0,0,0.999,-153.108,114.465,0,0,0,0
10220,0,0,0.995,-152.222,114.957,0,0,0,0
10221,0,0,0.938,-151.328,115.405,0,0,0,0
10222,0,0,0.889,-150.419,115.822,0,0,0,0
10223,0,0,0.889,-149.491,116.195,0,0,0,0
10224,0,0,0.858,-148.543,116.512,0,0,0,0
10225,0,0,0.884,-147.574,116.759,0,0,0,0
10226,0,0,0.904,-146.588,116.924,0,0,0,0
10227,0,0,0.906,-145.591,116.993,0,0,0,0
10228,0,0,0.903,-144.592,116.952,0,0,0,0
10229,0,0,0.989,-143.606,116.792,0,0,0,0
10230,0,0,0.936,-142.649,116.504,0,0,0,0
10231,0,0,0.9,-141.735,116.099,0,0,0,0
10232,0,0,0.9,-140.873,115.594,0,0,0,0
10233,0,0,0.868,-140.067,115.003,0,0,0,0
10234,0,0,0.838,-139.318,114.341,0,0,0,0
10235,0,0,0.85,-138.625,113.62,0,0,0,0
10236,0,0,0.805,-137.984,112.853,0,0,0,0
10237,0,0,0.79,-137.389,112.049,0,0,0,0
10238,0,0,0.709,-136.834,111.218,0,0,0,0
10239,0,0,0.77,-136.31,110.366,0,0,0,0
10240,0,0,0.762,-135.331,108.65,0,0,0,0
10241,0,0,0.756,-134.83,107.767,0,0,0,0
10242,0,0,0.751,-134.33,106.885,0,0,0,0
10243,0,0,0.746,-133.83,106.002,0,0,0,0
10244,0,0,0.74,-133.329,105.12,0,0,0,0
10245,0,0,0.735,-132.829,104.237,0,0,0,0
10246,0,0,0.729,-132.329,103.355,0,0,0,0
10247,0,0,0.724,-131.828,102.472,0,0,0,0
10248,0,0,0.718,-131.328,101.59,0,0,0,0
10249,0,0,0.713,-130.828,100.707,0,0,0,0
10250,0,0,0.708,-130.327,99.825,0,0,0,0
10251,0,0,0.702,-129.827,98.942,0,0,0,0
10252,0,0,0.697,-129.327,98.06,0,0,0,0
10253,0,0,0.691,-128.826,97.177,0,0,0,0
10254,0,0,0.686,-128.326,96.295,0,0,0,0
10255,0,0,0.68,-127.826,95.412,0,0,0,0
10256,0,0,0.675,-127.325,94.53,0,0,0,0
10257,0,0,0.67,-126.825,93.647,0,0,0,0
10258,0,0,0.664,-126.325,92.765,0,0,0,0
10259,0,0,0.659,-125.824,91.882,0,0,0,0
10260,0,0,0.653,-125.324,91.0,0,0,0,0
10261,0,0,0.648,-124.824,90.117,0,0,0,0
10262,0,0,0.642,-124.323,89.235,0,0,0,0
10263,0,0,0.637,-123.823,88.352,0,0,0,0
10264,0,0,0.632,-123.323,87.47,0,0,0,0
10265,0,0,0.626,-122.822,86.587,0,0,0,0
10266,0,0,0.621,-122.322,85.705,0,0,0,0
10267,0,0,0.615,-121.822,84.822,0,0,0,0
10268,0,0,0.61,-121.321,83.94,0,0,0,0
10269,0,0,0.604,-120.821,83.057,0,0,0,0
10270,0,0,0.599,-120.321,82.175,0,0,0,0
10271,0,0,0.594,-119.82,81.292,0,0,0,0
10272,0,0,0.588,-119.32,80.41,0,0,0,0
10273,0,0,0.583,-118.82,79.527,0,0,0,0
10274,0,0,0.577,-118.32,78.645,0,0,0,0
10275,0,0,0.572,-117.819,77.762,0,0,0,0
10276,0,0,0.566,-117.319,76.88,0,0,0,0
10277,0,0,0.561,-116.819,75.997,0,0,0,0
10278,0,0,0.556,-116.318,75.115,0,0,0,0
10279,0,0,0.55,-115.818,74.232,0,0,0,0
10280,0,0,0.545,-115.318,73.35,0,0,0,0
10281,0,0,0.539,-114.817,72.467,0,0,0,0
10282,0,0,0.534,-114.317,71.585,0,0,0,0
10283,0,0,0.528,-113.817,70.702,0,0,0,0
10284,0,0,0.523,-113.316,69.82,0,0,0,0
10285,0,0,0.518,-112.816,68.937,0,0,0,0
10286,0,0,0.512,-112.316,68.055,0,0,0,0
10287,0,0,0.507,-111.815,67.172,0,0,0,0
10288,0,0,0.501,-111.315,66.29,0,0,0,0
10289,0,0,0.496,-110.815,65.407,0,0,0,0
10290,0,0,0.49,-110.314,64.525,0,0,0,0
10291,0,0,0.485,-109.814,63.642,0,0,0,0
10292,0,0,0.48,-109.314,62.76,0,0,0,0
10293,0,0,0.474,-108.813,61.877,0,0,0,0
10294,0,0,0.469,-108.313,60.995,0,0,0,0
10295,0,0,0.463,-107.813,60.112,0,0,0,0
10296,0,0,0.458,-107.312,59.23,0,0,0,0
10297,0,0,0.452,-106.812,58.347,0,0,0,0
10298,0,0,0.447,-106.312,57.465,0,0,0,0
10299,0,0,0.442,-105.811,56.582,0,0,0,0
10300,0,0,0.436,-105.311,55.7,0,0,0,0
10301,0,0,0.431,-104.811,54.817,0,0,0,0
10302,0,0,0.425,-104.31,53.935,0,0,0,0
10303,0,0,0.42,-103.81,53.052,0,0,0,0
10304,0,0,0.415,-103.31,52.17,0,0,0,0
10305,0,0,0.409,-102.809,51.287,0,0,0,0
10306,0,0,0.404,-102.309,50.405,0,0,0,0
10307,0,0,0.398,-101.809,49.522,0,0,0,0
10308,0,0,0.393,-101.309,48.64,0,0,0,0
10309,0,0,0.392,-100.584,47.286,0,0,0,0
10310,0,0,0.37,-100.137,46.363,0,0,0,0
10311,0,0,0.367,-99.69,45.44,0,0,0,0
10312,0,0,0.365,-99.243,44.518,0,0,0,0
10313,0,0,0.362,-98.796,43.596,0,0,0,0
10314,0,0,0.359,-98.349,42.673,0,0,0,0
10315,0,0,0.357,-97.902,41.751,0,0,0,0
10316,0,0,0.354,-97.455,40.829,0,0,0,0
10317,0,0,0.351,-97.009,39.906,0,0,0,0
10318,0,0,0.349,-96.562,38.984,0,0,0,0
10319,0,0,0.346,-96.115,38.062,0,0,0,0
10320,0,0,0.344,-95.668,37.14,0,0,0,0
10321,0,0,0.341,-95.221,36.217,0,0,0,0
10322,0,0,0.338,-94.774,35.295,0,0,0,0
10323,0,0,0.336,-94.328,34.373,0,0,0,0
10324,0,0,0.333,-93.881,33.45,0,0,0,0
10325,0,0,0.33,-93.434,32.528,0,0,0,0
10326,0,0,0.328,-92.987,31.606,0,0,0,0
10327,0,0,0.325,-92.54,30.683,0,0,0,0
10328,0,0,0.323,-92.093,29.761,0,0,0,0
10329,0,0,0.32,-91.647,28.839,0,0,0,0
10330,0,0,0.317,-91.2,27.917,0,0,0,0
10331,0,0,0.315,-90.753,26.994,0,0,0,0
10332,0,0,0.312,-90.306,26.072,0,0,0,0
10333,0,0,0.309,-89.859,25.15,0,0,0,0
10334,0,0,0.307,-89.412,24.227,0,0,0,0
10335,0,0,0.304,-88.966,23.305,0,0,0,0
10336,0,0,0.301,-88.519,22.383,0,0,0,0
10337,0,0,0.299,-88.072,21.46,0,0,0,0
10338,0,0,0.296,-87.625,20.538,0,0,0,0
10339,0,0,0.294,-87.178,19.616,0,0,0,0
10340,0,0,0.291,-86.731,18.694,0,0,0,0
10341,0,0,0.288,-86.285,17.771,0,0,0,0
10342,0,0,0.286,-85.838,16.849,0,0,0,0
10343,0,0,0.283,-85.391,15.927,0,0,0,0
10344,0,0,0.28,-84.944,15.004,0,0,0,0
10345,0,0,0.278,-84.497,14.082,0,0,0,0
10346,0,0,0.275,-84.05,13.16,0,0,0,0
10347,0,0,0.273,-83.604,12.238,0,0,0,0
10348,0,0,0.283,-83.049,10.829,0,0,0,0
10349,0,0,0.266,-82.494,9.421,0,0,0,0
10350,0,0,0.268,-81.395,6.653,0,0,0,0
10351,0,0,0.279,-80.819,5.203,0,0,0,0
10352,0,0,0.262,-80.299,3.777,0,0,0,0
10353,0,0,0.274,-79.779,2.351,0,0,0,0
10354,0,0,0.27,-79.285,0.919,0,0,0,0
10355,0,0,0.266,-78.789,-0.51,0,0,0,0
10356,0,0,0.262,-78.12,-2.526,0,0,0,0
10357,0,0,0.25,-77.649,-3.967,0,0,0,0
10358,0,0,0.232,-76.65,-7.306,0,0,0,0
10359,0,0,0.26,-76.071,-9.246,0,0,0,0
10360,0,0,0.271,-75.66,-10.701,0,0,0,0
10361,0,0,0.261,-75.249,-12.155,0,0,0,0
10362,0,0,0.229,-74.838,-13.986,0,0,0,0
10363,0,0,0.273,-74.508,-15.531,0,0,0,0
10364,0,0,0.283,-73.892,-19.259,0,0,0,0
10365,0,0,0.298,-73.698,-20.799,0,0,0,0
10366,0,0,0.29,-73.504,-22.338,0,0,0,0
10367,0,0,0.299,-73.261,-24.859,0,0,0,0
10368,0,0,0.301,-73.035,-27.827,0,0,0,0
10369,0,0,0.304,-72.988,-28.852,0,0,0,0
10370,0,0,0.307,-72.94,-29.873,0,0,0,0
10371,0,0,0.309,-72.893,-30.894,0,0,0,0
10372,0,0,0.312,-72.846,-31.916,0,0,0,0
10373,0,0,0.315,-72.799,-32.937,0,0,0,0
10374,0,0,0.318,-72.752,-33.959,0,0,0,0
10375,0,0,0.321,-72.705,-34.98,0,0,0,0
10376,0,0,0.323,-72.658,-36.001,0,0,0,0
10377,0,0,0.326,-72.611,-37.023,0,0,0,0
10378,0,0,0.329,-72.564,-38.044,0,0,0,0
10379,0,0,0.332,-72.517,-39.066,0,0,0,0
10380,0,0,0.334,-72.47,-40.087,0,0,0,0
10381,0,0,0.337,-72.423,-41.109,0,0,0,0
10382,0,0,0.34,-72.376,-42.13,0,0,0,0
10383,0,0,0.343,-72.329,-43.151,0,0,0,0
10384,0,0,0.346,-72.282,-44.173,0,0,0,0
10385,0,0,0.348,-72.235,-45.194,0,0,0,0
10386,0,0,0.351,-72.188,-46.216,0,0,0,0
10387,0,0,0.354,-72.141,-47.237,0,0,0,0
10388,0,0,0.357,-72.094,-48.258,0,0,0,0
10389,0,0,0.359,-72.047,-49.28,0,0,0,0
10390,0,0,0.362,-72.0,-50.301,0,0,0,0
10391,0,0,0.365,-71.953,-51.323,0,0,0,0
10392,0,0,0.368,-71.906,-52.344,0,0,0,0
10393,0,0,0.371,-71.859,-53.366,0,0,0,0
10394,0,0,0.373,-71.812,-54.387,0,0,0,0
10395,0,0,0.376,-71.765,-55.408,0,0,0,0
10396,0,0,0.379,-71.718,-56.43,0,0,0,0
10397,0,0,0.382,-71.671,-57.451,0,0,0,0
10398,0,0,0.384,-71.624,-58.473,0,0,0,0
10399,0,0,0.387,-71.577,-59.494,0,0,0,0
10400,0,0,0.39,-71.53,-60.516,0,0,0,0
10401,0,0,0.383,-71.227,-63.042,0,0,0,0
10402,0,0,0.384,-71.096,-64.058,0,0,0,0
10403,0,0,0.385,-70.965,-65.074,0,0,0,0
10404,0,0,0.385,-70.835,-66.091,0,0,0,0
10405,0,0,0.386,-70.704,-67.107,0,0,0,0
10406,0,0,0.386,-70.573,-68.123,0,0,0,0
10407,0,0,0.387,-70.443,-69.14,0,0,0,0
10408,0,0,0.388,-70.312,-70.156,0,0,0,0
10409,0,0,0.388,-70.181,-71.172,0,0,0,0
10410,0,0,0.389,-70.051,-72.189,0,0,0,0
10411,0,0,0.39,-69.92,-73.205,0,0,0,0
10412,0,0,0.39,-69.789,-74.221,0,0,0,0
10413,0,0,0.391,-69.659,-75.238,0,0,0,0
10414,0,0,0.391,-69.528,-76.254,0,0,0,0
10415,0,0,0.392,-69.398,-77.271,0,0,0,0
10416,0,0,0.402,-69.224,-78.967,0,0,0,0
10417,0,0,0.423,-69.117,-80.017,0,0,0,0
10418,0,0,0.416,-69.01,-81.067,0,0,0,0
10419,0,0,0.409,-68.902,-82.117,0,0,0,0
10420,0,0,0.424,-68.795,-83.167,0,0,0,0
10421,0,0,0.422,-68.688,-84.217,0,0,0,0
10422,0,0,0.468,-68.58,-85.267,0,0,0,0
10423,0,0,0.431,-68.473,-86.317,0,0,0,0
10424,0,0,0.459,-68.458,-87.334,0,0,0,0
10425,0,0,0.464,-68.458,-88.336,0,0,0,0
10426,0,0,0.469,-68.458,-89.339,0,0,0,0
10427,0,0,0.474,-68.459,-90.341,0,0,0,0
10428,0,0,0.479,-68.459,-91.344,0,0,0,0
10429,0,0,0.484,-68.459,-92.346,0,0,0,0
10430,0,0,0.489,-68.46,-93.349,0,0,0,0
10431,0,0,0.494,-68.46,-94.351,0,0,0,0
10432,0,0,0.499,-68.461,-95.354,0,0,0,0
10433,0,0,0.504,-68.461,-96.356,0,0,0,0
10434,0,0,0.509,-68.461,-97.359,0,0,0,0
10435,0,0,0.515,-68.462,-98.361,0,0,0,0
10436,0,0,0.52,-68.462,-99.364,0,0,0,0
10437,0,0,0.525,-68.463,-100.366,0,0,0,0
10438,0,0,0.53,-68.463,-101.369,0,0,0,0
10439,0,0,0.535,-68.463,-102.372,0,0,0,0
10440,0,0,0.54,-68.464,-103.374,0,0,0,0
10441,0,0,0.545,-68.464,-104.377,0,0,0,0
10442,0,0,0.55,-68.465,-105.379,0,0,0,0
10443,0,0,0.555,-68.465,-106.382,0,0,0,0
10444,0,0,0.56,-68.465,-107.384,0,0,0,0
10445,0,0,0.565,-68.466,-108.387,0,0,0,0
10446,0,0,0.57,-68.466,-109.389,0,0,0,0
10447,0,0,0.576,-68.467,-110.392,0,0,0,0
10448,0,0,0.581,-68.467,-111.394,0,0,0,0
10449,0,0,0.586,-68.467,-112.397,0,0,0,0
10450,0,0,0.591,-68.468,-113.399,0,0,0,0
10451,0,0,0.596,-68.468,-114.402,0,0,0,0
10452,0,0,0.601,-68.469,-115.404,0,0,0,0
10453,0,0,0.606,-68.469,-116.407,0,0,0,0
10454,0,0,0.611,-68.469,-117.41,0,0,0,0
10455,0,0,0.616,-68.47,-118.412,0,0,0,0
10456,0,0,0.621,-68.47,-119.415,0,0,0,0
10457,0,0,0.626,-68.471,-120.417,0,0,0,0
10458,0,0,0.631,-68.471,-121.42,0,0,0,0
10459,0,0,0.637,-68.471,-122.422,0,0,0,0
10460,0,0,0.642,-68.472,-123.425,0,0,0,0
10461,0,0,0.647,-68.472,-124.427,0,0,0,0
10462,0,0,0.652,-68.473,-125.43,0,0,0,0
10463,0,0,0.657,-68.473,-126.432,0,0,0,0
10464,0,0,0.662,-68.473,-127.435,0,0,0,0
10465,0,0,0.667,-68.474,-128.437,0,0,0,0
10466,0,0,0.672,-68.474,-129.44,0,0,0,0
10467,0,0,0.677,-68.475,-130.442,0,0,0,0
10468,0,0,0.682,-68.475,-131.445,0,0,0,0
10469,0,0,0.687,-68.475,-132.448,0,0,0,0
10470,0,0,0.692,-68.476,-133.45,0,0,0,0
10471,0,0,0.697,-68.476,-134.453,0,0,0,0
10472,0,0,0.703,-68.477,-135.455,0,0,0,0
10473,0,0,0.708,-68.477,-136.458,0,0,0,0
10474,0,0,0.713,-68.477,-137.46,0,0,0,0
10475,0,0,0.718,-68.478,-138.463,0,0,0,0
10476,0,0,0.723,-68.478,-139.465,0,0,0,0
10477,0,0,0.728,-68.479,-140.468,0,0,0,0
10478,0,0,0.733,-68.479,-141.47,0,0,0,0
10479,0,0,0.738,-68.479,-142.473,0,0,0,0
10480,0,0,0.743,-68.48,-143.475,0,0,0,0
10481,0,0,0.748,-68.48,-144.478,0,0,0,0
10482,0,0,0.753,-68.481,-145.48,0,0,0,0
10483,0,0,0.758,-68.481,-146.483,0,0,0,0
10484,0,0,0.764,-68.481,-147.486,0,0,0,0
10485,0,0,0.769,-68.482,-148.488,0,0,0,0
10486,0,0,0.774,-68.482,-149.491,0,0,0,0
10487,0,0,0.779,-68.483,-150.493,0,0,0,0
10488,0,0,0.784,-68.483,-151.496,0,0,0,0
10489,0,0,0.789,-68.483,-152.498,0,0,0,0
10490,0,0,0.794,-68.484,-153.501,0,0,0,0
10491,0,0,0.799,-68.484,-154.503,0,0,0,0
10492,0,0,0.804,-68.485,-155.506,0,0,0,0
10493,0,0,0.809,-68.485,-156.508,0,0,0,0
10494,0,0,0.814,-68.485,-157.511,0,0,0,0
10495,0,0,0.819,-68.486,-158.513,0,0,0,0
10496,0,0,0.824,-68.486,-159.516,0,0,0,0
10497,0,0,0.83,-68.487,-160.518,0,0,0,0
10498,0,0,0.835,-68.487,-161.521,0,0,0,0
10499,0,0,0.84,-68.487,-162.524,0,0,0,0
10500,0,0,0.845,-68.488,-163.526,0,0,0,0
10501,0,0,0.85,-68.488,-164.529,0,0,0,0
10502,0,0,0.855,-68.489,-165.531,0,0,0,0
10503,0,0,0.86,-68.489,-166.534,0,0,0,0
10504,0,0,0.865,-68.489,-167.536,0,0,0,0
10505,0,0,0.87,-68.49,-168.539,0,0,0,0
10506,0,0,0.875,-68.49,-169.541,0,0,0,0
10507,0,0,0.88,-68.491,-170.544,0,0,0,0
10508,0,0,0.885,-68.491,-171.546,0,0,0,0
10509,0,0,0.891,-68.491,-172.549,0,0,0,0
10510,0,0,0.896,-68.492,-173.551,0,0,0,0
10511,0,0,0.901,-68.492,-174.554,0,0,0,0
10512,0,0,0.906,-68.493,-175.556,0,0,0,0
10513,0,0,0.911,-68.493,-176.559,0,0,0,0
10514,0,0,0.916,-68.493,-177.562,0,0,0,0
10515,0,0,0.921,-68.494,-178.564,0,0,0,0
10516,0,0,0.926,-68.494,-179.567,0,0,0,0
10517,0,0,0.931,-68.495,-180.569,0,0,0,0
10518,0,0,0.936,-68.495,-181.572,0,0,0,0
10519,0,0,0.941,-68.495,-182.574,0,0,0,0
10520,0,0,0.946,-68.496,-183.577,0,0,0,0
10521,0,0,0.952,-68.496,-184.579,0,0,0,0
10522,0,0,0.957,-68.497,-185.582,0,0,0,0
10523,0,0,0.962,-68.497,-186.584,0,0,0,0
10524,0,0,0.967,-68.497,-187.587,0,0,0,0
10525,0,0,0.972,-68.498,-188.589,0,0,0,0
10526,0,0,0.977,-68.498,-189.592,0,0,0,0
10527,0,0,0.982,-68.499,-190.594,0,0,0,0
10528,0,0,0.987,-68.499,-191.597,0,0,0,0
10529,0,0,0.992,-68.499,-192.6,0,0,0,0
10530,0,0,0.997,-68.5,-193.602,0,0,0,0
10531,0,0,1.002,-68.5,-194.605,0,0,0,0
10532,0,0,1.007,-68.501,-195.607,0,0,0,0
10533,0,0,1.012,-68.501,-196.61,0,0,0,0
10534,0,0,1.018,-68.501,-197.612,0,0,0,0
10535,0,0,1.023,-68.502,-198.615,0,0,0,0
10536,0,0,1.028,-68.502,-199.617,0,0,0,0
10537,0,0,1.033,-68.503,-200.62,0,0,0,0
10538,0,0,1.038,-68.503,-201.622,0,0,0,0
10539,0,0,1.043,-68.503,-202.625,0,0,0,0
10540,0,0,1.048,-68.504,-203.627,0,0,0,0
10541,0,0,1.053,-68.504,-204.63,0,0,0,0
10542,0,0,1.058,-68.505,-205.632,0,0,0,0
10543,0,0,1.063,-68.505,-206.635,0,0,0,0
10544,0,0,1.068,-68.505,-207.638,0,0,0,0
10545,0,0,1.073,-68.506,-208.64,0,0,0,0
10546,0,0,1.079,-68.506,-209.643,0,0,0,0
10547,0,0,1.084,-68.507,-210.645,0,0,0,0
10548,0,0,1.089,-68.507,-211.648,0,0,0,0
10549,0,0,1.094,-68.507,-212.65,0,0,0,0
10550,0,0,1.099,-68.508,-213.653,0,0,0,0
10551,0,0,1.104,-68.508,-214.655,0,0,0,0
10552,0,0,1.109,-68.509,-215.658,0,0,0,0
10553,0,0,1.114,-68.509,-216.66,0,0,0,0
10554,0,0,1.119,-68.509,-217.663,0,0,0,0
10555,0,0,1.124,-68.51,-218.665,0,0,0,0
10556,0,0,1.129,-68.51,-219.668,0,0,0,0
10557,0,0,1.134,-68.511,-220.67,0,0,0,0
10558,0,0,1.14,-68.511,-221.673,0,0,0,0
10559,0,0,1.145,-68.511,-222.676,0,0,0,0
10560,0,0,1.15,-68.512,-223.678,0,0,0,0
10561,0,0,1.155,-68.512,-224.681,0,0,0,0
10562,0,0,1.16,-68.513,-225.683,0,0,0,0
10563,0,0,1.165,-68.513,-226.686,0,0,0,0
10564,0,0,1.17,-68.513,-227.688,0,0,0,0
10565,0,0,1.175,-68.514,-228.691,0,0,0,0
10566,0,0,1.18,-68.514,-229.693,0,0,0,0
10567,0,0,1.185,-68.515,-230.696,0,0,0,0
10568,0,0,1.19,-68.515,-231.698,0,0,0,0
10569,0,0,1.195,-68.515,-232.701,0,0,0,0
10570,0,0,1.2,-68.516,-233.703,0,0,0,0
10571,0,0,1.206,-68.516,-234.706,0,0,0,0
10572,0,0,1.211,-68.517,-235.709,0,0,0,0
10573,0,0,1.28,-69.0,-250.0,0,0,0,0
10574,0,0,1.291,-69.036,-251.007,0,0,0,0
10575,0,0,1.302,-69.072,-252.014,0,0,0,0
10576,0,0,1.313,-69.108,-253.022,0,0,0,0
10577,0,0,1.324,-69.144,-254.029,0,0,0,0
10578,0,0,1.335,-69.18,-255.036,0,0,0,0
10579,0,0,1.345,-69.216,-256.044,0,0,0,0
10580,0,0,1.356,-69.253,-257.051,0,0,0,0
10581,0,0,1.367,-69.289,-258.059,0,0,0,0
10582,0,0,1.378,-69.325,-259.066,0,0,0,0
10583,0,0,1.389,-69.361,-260.073,0,0,0,0
10584,0,0,1.4,-69.397,-261.081,0,0,0,0
10585,0,0,1.411,-69.433,-262.088,0,0,0,0
10586,0,0,1.421,-69.469,-263.095,0,0,0,0
10587,0,0,1.432,-69.506,-264.103,0,0,0,0
10588,0,0,1.443,-69.542,-265.11,0,0,0,0
10589,0,0,1.454,-69.578,-266.118,0,0,0,0
10590,0,0,1.465,-69.614,-267.125,0,0,0,0
10591,0,0,1.476,-69.65,-268.132,0,0,0,0
10592,0,0,1.486,-69.686,-269.14,0,0,0,0
10593,0,0,1.497,-69.722,-270.147,0,0,0,0
10594,0,0,1.508,-69.759,-271.155,0,0,0,0
10595,0,0,1.519,-69.795,-272.162,0,0,0,0
10596,0,0,1.53,-69.831,-273.169,0,0,0,0
10597,0,0,1.541,-69.867,-274.177,0,0,0,0
10598,0,0,1.552,-69.903,-275.184,0,0,0,0
10599,0,0,1.562,-69.939,-276.191,0,0,0,0
10600,0,0,1.573,-69.975,-277.199,0,0,0,0
10601,0,0,1.584,-70.012,-278.206,0,0,0,0
10602,0,0,1.595,-70.048,-279.214,0,0,0,0
10603,0,0,1.606,-70.084,-280.221,0,0,0,0
10604,0,0,1.617,-70.12,-281.228,0,0,0,0
10605,0,0,1.627,-70.156,-282.236,0,0,0,0
10606,0,0,1.638,-70.192,-283.243,0,0,0,0
10607,0,0,1.649,-70.228,-284.25,0,0,0,0
10608,0,0,1.66,-70.265,-285.258,0,0,0,0
10609,0,0,1.671,-70.301,-286.265,0,0,0,0
10610,0,0,1.682,-70.337,-287.273,0,0,0,0
10611,0,0,1.693,-70.373,-288.28,0,0,0,0
10612,0,0,1.703,-70.409,-289.287,0,0,0,0
10613,0,0,1.714,-70.445,-290.295,0,0,0,0
10614,0,0,1.725,-70.481,-291.302,0,0,0,0
10615,0,0,1.736,-70.518,-292.31,0,0,0,0
10616,0,0,1.747,-70.554,-293.317,0,0,0,0
10617,0,0,1.758,-70.59,-294.324,0,0,0,0
10618,0,0,1.768,-70.626,-295.332,0,0,0,0
10619,0,0,1.779,-70.662,-296.339,0,0,0,0
10620,0,0,1.79,-70.698,-297.346,0,0,0,0
10621,0,0,1.801,-70.734,-298.354,0,0,0,0
10622,0,0,1.812,-70.771,-299.361,0,0,0,0
10623,0,0,1.823,-70.807,-300.369,0,0,0,0
10624,0,0,1.834,-70.843,-301.376,0,0,0,0
10625,0,0,1.844,-70.879,-302.383,0,0,0,0
10626,0,0,1.855,-70.915,-303.391,0,0,0,0
10627,0,0,1.866,-70.951,-304.398,0,0,0,0
10628,0,0,1.877,-70.987,-305.405,0,0,0,0
10629,0,0,1.888,-71.024,-306.413,0,0,0,0
10630,0,0,1.899,-71.06,-307.42,0,0,0,0
10631,0,0,1.91,-71.096,-308.428,0,0,0,0
10632,0,0,1.92,-71.132,-309.435,0,0,0,0
10633,0,0,1.931,-71.168,-310.442,0,0,0,0
10634,0,0,1.942,-71.204,-311.45,0,0,0,0
10635,0,0,1.953,-71.24,-312.457,0,0,0,0
10636,0,0,1.964,-71.277,-313.465,0,0,0,0
10637,0,0,1.952,-71.354,-314.453,0,0,0,0
10638,0,0,2.031,-71.627,-317.487,0,0,0,0
10639,0,0,1.966,-71.786,-318.678,0,0,0,0
10640,0,0,2.052,-71.945,-320.168,0,0,0,0
10641,0,0,2.119,-72.503,-323.543,0,0,0,0
10642,0,0,2.117,-72.772,-324.882,0,0,0,0
10643,0,0,2.185,-73.524,-328.08,0,0,0,0
10644,0,0,2.236,-74.202,-330.496,0,0,0,0
10645,0,0,2.243,-74.542,-331.592,0,0,0,0
10646,0,0,2.259,-74.872,-332.678,0,0,0,0
10647,0,0,2.352,-76.434,-336.701,0,0,0,0
10648,0,0,2.404,-77.239,-338.497,0,0,0,0
10649,0,0,2.422,-77.862,-339.785,0,0,0,0
10650,0,0,2.505,-80.24,-344.253,0,0,0,0
10651,0,0,2.579,-81.952,-347.25,0,0,0,0
10652,0,0,2.575,-82.638,-348.362,0,0,0,0
10653,0,0,2.653,-84.708,-351.592,0,0,0,0
10654,0,0,2.685,-86.153,-353.686,0,0,0,0
10655,0,0,2.762,-89.736,-358.245,0,0,0,0
10656,0,0,2.809,-92.313,-361.161,0,0,0,0
10657,0,0,2.839,-94.167,-363.069,0,0,0,0
10658,0,0,2.929,-97.644,-366.428,0,0,0,0
10659,0,0,2.983,-100.285,-368.713,0,0,0,0
10660,0,0,3.036,-103.85,-371.501,0,0,0,0
10661,0,0,3.123,-107.996,-374.463,0,0,0,0
10662,0,0,3.179,-110.718,-376.183,0,0,0,0
10663,0,0,3.242,-115.167,-378.687,0,0,0,0
10664,0,0,3.295,-118.127,-380.108,0,0,0,0
10665,0,0,3.307,-119.067,-380.47,0,0,0,0
10666,0,0,3.319,-120.007,-380.832,0,0,0,0
10667,0,0,3.332,-120.948,-381.195,0,0,0,0
10668,0,0,3.344,-121.889,-381.558,0,0,0,0
10669,0,0,3.356,-122.829,-381.921,0,0,0,0
10670,0,0,3.369,-123.77,-382.283,0,0,0,0
10671,0,0,3.381,-124.711,-382.646,0,0,0,0
10672,0,0,3.393,-125.652,-383.009,0,0,0,0
10673,0,0,3.406,-126.592,-383.372,0,0,0,0
10674,0,0,3.418,-127.533,-383.735,0,0,0,0
10675,0,0,3.43,-128.474,-384.097,0,0,0,0
10676,0,0,3.442,-129.414,-384.46,0,0,0,0
10677,0,0,3.455,-130.355,-384.823,0,0,0,0
10678,0,0,3.467,-131.296,-385.186,0,0,0,0
10679,0,0,3.479,-132.237,-385.548,0,0,0,0
10680,0,0,3.492,-133.177,-385.911,0,0,0,0
10681,0,0,3.504,-134.118,-386.274,0,0,0,0
10682,0,0,3.516,-135.059,-386.637,0,0,0,0
10683,0,0,3.528,-136.0,-387.0,0,0,0,0
10684,0,0,3.575,-140.0,-389.0,0,0,0,0
10685,0,0,3.644,-144.0,-391.0,0,0,0,0
10686,0,0,3.741,-148.0,-394.0,0,0,0,0
10687,0,0,3.813,-153.0,-398.0,0,0,0,0
10688,0,0,3.903,-156.0,-401.0,0,0,0,0
10689,0,0,3.978,-159.0,-405.0,0,0,0,0
10690,0,0,4.108,-162.0,-409.0,0,0,0,0
10691,0,0,4.205,-166.0,-417.0,0,0,0,0
10692,0,0,4.243,-168.0,-422.0,0,0,0,0
10693,0,0,4.296,-169.0,-425.0,0,0,0,0
10694,0,0,4.382,-170.0,-430.0,0,0,0,0
10695,0,0,4.513,-171.0,-439.0,0,0,0,0
10696,0,0,4.618,-171.0,-447.0,0,0,0,0
10697,0,0,4.632,-170.997,-448.003,0,0,0,0
10698,0,0,4.647,-170.995,-449.006,0,0,0,0
10699,0,0,4.662,-170.993,-450.009,0,0,0,0
10700,0,0,4.677,-170.99,-451.013,0,0,0,0
10701,0,0,4.691,-170.988,-452.016,0,0,0,0
10702,0,0,4.706,-170.986,-453.019,0,0,0,0
10703,0,0,4.721,-170.983,-454.022,0,0,0,0
10704,0,0,4.736,-170.981,-455.026,0,0,0,0
10705,0,0,4.75,-170.979,-456.029,0,0,0,0
10706,0,0,4.765,-170.977,-457.032,0,0,0,0
10707,0,0,4.78,-170.974,-458.036,0,0,0,0
10708,0,0,4.795,-170.972,-459.039,0,0,0,0
10709,0,0,4.81,-170.97,-460.042,0,0,0,0
10710,0,0,4.824,-170.967,-461.045,0,0,0,0
10711,0,0,4.839,-170.965,-462.049,0,0,0,0
10712,0,0,4.854,-170.963,-463.052,0,0,0,0
10713,0,0,4.869,-170.96,-464.055,0,0,0,0
10714,0,0,4.883,-170.958,-465.059,0,0,0,0
10715,0,0,4.898,-170.956,-466.062,0,0,0,0
10716,0,0,4.913,-170.954,-467.065,0,0,0,0
10717,0,0,4.928,-170.951,-468.068,0,0,0,0
10718,0,0,4.942,-170.949,-469.072,0,0,0,0
10719,0,0,4.957,-170.947,-470.075,0,0,0,0
10720,0,0,4.972,-170.944,-471.078,0,0,0,0
10721,0,0,4.987,-170.942,-472.082,0,0,0,0
10722,0,0,5.001,-170.94,-473.085,0,0,0,0
10723,0,0,5.016,-170.937,-474.088,0,0,0,0
10724,0,0,5.031,-170.935,-475.091,0,0,0,0
10725,0,0,5.046,-170.933,-476.095,0,0,0,0
10726,0,0,5.06,-170.93,-477.098,0,0,0,0
10727,0,0,5.075,-170.928,-478.101,0,0,0,0
10728,0,0,5.09,-170.926,-479.104,0,0,0,0
10729,0,0,5.105,-170.924,-480.108,0,0,0,0
10730,0,0,5.119,-170.921,-481.111,0,0,0,0
10731,0,0,5.134,-170.919,-482.114,0,0,0,0
10732,0,0,5.149,-170.917,-483.118,0,0,0,0
10733,0,0,5.164,-170.914,-484.121,0,0,0,0
10734,0,0,5.178,-170.912,-485.124,0,0,0,0
10735,0,0,5.193,-170.91,-486.127,0,0,0,0
10736,0,0,5.208,-170.908,-487.131,0,0,0,0
10737,0,0,5.223,-170.905,-488.134,0,0,0,0
10738,0,0,5.238,-170.903,-489.137,0,0,0,0
10739,0,0,5.252,-170.901,-490.141,0,0,0,0
10740,0,0,5.267,-170.898,-491.144,0,0,0,0
10741,0,0,5.282,-170.896,-492.147,0,0,0,0
10742,0,0,5.297,-170.894,-493.15,0,0,0,0
10743,0,0,5.311,-170.891,-494.154,0,0,0,0
10744,0,0,5.326,-170.889,-495.157,0,0,0,0
10745,0,0,5.341,-170.887,-496.16,0,0,0,0
10746,0,0,5.356,-170.885,-497.164,0,0,0,0
10747,0,0,5.386,-170.848,-498.693,0,0,0,0
10748,0,0,5.401,-170.822,-499.698,0,0,0,0
10749,0,0,5.416,-170.796,-500.703,0,0,0,0
10750,0,0,5.43,-170.77,-501.709,0,0,0,0
10751,0,0,5.445,-170.744,-502.714,0,0,0,0
10752,0,0,5.46,-170.718,-503.72,0,0,0,0
10753,0,0,5.475,-170.692,-504.725,0,0,0,0
10754,0,0,5.489,-170.666,-505.73,0,0,0,0
10755,0,0,5.504,-170.64,-506.736,0,0,0,0
10756,0,0,5.519,-170.614,-507.741,0,0,0,0
10757,0,0,5.534,-170.588,-508.747,0,0,0,0
10758,0,0,5.552,-170.515,-509.736,0,0,0,0
10759,0,0,5.559,-170.382,-510.794,0,0,0,0
10760,0,0,5.57,-170.198,-511.896,0,0,0,0
10761,0,0,5.576,-169.861,-513.167,0,0,0,0
10762,0,0,5.583,-169.507,-514.232,0,0,0,0
10763,0,0,5.622,-168.97,-515.45,0,0,0,0
10764,0,0,5.667,-168.353,-516.547,0,0,0,0
10765,0,0,5.689,-167.808,-517.433,0,0,0,0
10766,0,0,5.68,-167.11,-518.243,0,0,0,0
10767,0,0,5.712,-166.412,-519.028,0,0,0,0
10768,0,0,5.702,-165.736,-519.849,0,0,0,0
10769,0,0,5.696,-164.993,-520.643,0,0,0,0
10770,0,0,5.72,-164.259,-521.509,0,0,0,0
10771,0,0,5.723,-163.469,-522.371,0,0,0,0
10772,0,0,5.727,-162.788,-523.128,0,0,0,0
10773,0,0,5.736,-162.106,-523.884,0,0,0,0
10774,0,0,5.729,-161.424,-524.64,0,0,0,0
10775,0,0,5.738,-160.743,-525.396,0,0,0,0
10776,0,0,5.743,-160.061,-526.152,0,0,0,0
10777,0,0,5.761,-159.379,-526.908,0,0,0,0
10778,0,0,5.766,-158.697,-527.665,0,0,0,0
10779,0,0,5.791,-157.961,-528.394,0,0,0,0
10780,0,0,5.793,-157.225,-529.122,0,0,0,0
10781,0,0,5.818,-156.489,-529.85,0,0,0,0
10782,0,0,5.828,-155.753,-530.579,0,0,0,0
10783,0,0,5.836,-155.017,-531.307,0,0,0,0
10784,0,0,5.864,-154.282,-532.036,0,0,0,0
10785,0,0,5.876,-153.527,-532.692,0,0,0,0
10786,0,0,5.89,-152.724,-533.286,0,0,0,0
10787,0,0,5.89,-151.855,-533.78,0,0,0,0
10788,0,0,5.888,-150.919,-534.128,0,0,0,0
10789,0,0,5.889,-149.859,-534.272,0,0,0,0
10790,0,0,5.889,-148.798,-534.417,0,0,0,0
10791,0,0,5.9,-147.738,-534.562,0,0,0,0
10792,0,0,5.9,-146.678,-534.707,0,0,0,0
10793,0,0,5.9,-145.362,-534.888,0,0,0,0
10794,0,0,5.9,-144.324,-534.898,0,0,0,0
10795,0,0,5.9,-142.822,-534.917,0,0,0,0
10796,0,0,5.9,-141.818,-534.924,0,0,0,0
10797,0,0,5.9,-140.318,-534.927,0,0,0,0
10798,0,0,5.9,-138.903,-535.011,0,0,0,0
10799,0,0,5.889,-137.896,-535.073,0,0,0,0
10800,0,0,5.878,-136.89,-535.135,0,0,0,0
10801,0,0,5.867,-135.884,-535.197,0,0,0,0
10802,0,0,5.856,-134.877,-535.259,0,0,0,0
10803,0,0,5.845,-133.871,-535.321,0,0,0,0
10804,0,0,5.834,-132.865,-535.382,0,0,0,0
10805,0,0,5.823,-131.859,-535.444,0,0,0,0
10806,0,0,5.812,-130.852,-535.507,0,0,0,0
10807,0,0,5.802,-129.846,-535.569,0,0,0,0
10808,0,0,5.791,-128.84,-535.631,0,0,0,0
10809,0,0,5.78,-127.834,-535.693,0,0,0,0
10810,0,0,5.769,-126.827,-535.755,0,0,0,0
10811,0,0,5.758,-125.821,-535.817,0,0,0,0
10812,0,0,5.747,-124.815,-535.879,0,0,0,0
10813,0,0,5.736,-123.809,-535.941,0,0,0,0
10814,0,0,5.725,-122.802,-536.003,0,0,0,0
10815,0,0,5.714,-121.796,-536.064,0,0,0,0
10816,0,0,5.703,-120.79,-536.127,0,0,0,0
10817,0,0,5.692,-119.783,-536.189,0,0,0,0
10818,0,0,5.681,-118.777,-536.251,0,0,0,0
10819,0,0,5.67,-117.771,-536.313,0,0,0,0
10820,0,0,5.66,-116.765,-536.375,0,0,0,0
10821,0,0,5.649,-115.758,-536.437,0,0,0,0
10822,0,0,5.638,-114.752,-536.499,0,0,0,0
10823,0,0,5.627,-113.746,-536.561,0,0,0,0
10824,0,0,5.616,-112.74,-536.623,0,0,0,0
10825,0,0,5.605,-111.733,-536.685,0,0,0,0
10826,0,0,5.594,-110.727,-536.747,0,0,0,0
10827,0,0,5.583,-109.721,-536.809,0,0,0,0
10828,0,0,5.572,-108.714,-536.871,0,0,0,0
10829,0,0,5.561,-107.708,-536.933,0,0,0,0
10830,0,0,5.55,-106.702,-536.995,0,0,0,0
10831,0,0,5.539,-105.696,-537.057,0,0,0,0
10832,0,0,5.528,-104.689,-537.119,0,0,0,0
10833,0,0,5.518,-103.683,-537.181,0,0,0,0
10834,0,0,5.507,-102.677,-537.243,0,0,0,0
10835,0,0,5.496,-101.671,-537.305,0,0,0,0
10836,0,0,5.485,-100.664,-537.367,0,0,0,0
10837,0,0,5.474,-99.658,-537.429,0,0,0,0
10838,0,0,5.463,-98.652,-537.491,0,0,0,0
10839,0,0,5.452,-97.646,-537.553,0,0,0,0
10840,0,0,5.441,-96.639,-537.615,0,0,0,0
10841,0,0,5.43,-95.633,-537.677,0,0,0,0
10842,0,0,5.419,-94.627,-537.739,0,0,0,0
10843,0,0,5.408,-93.621,-537.801,0,0,0,0
10844,0,0,5.429,-92.259,-537.784,0,0,0,0
10845,0,0,5.409,-91.089,-537.776,0,0,0,0
10846,0,0,5.395,-89.59,-537.748,0,0,0,0
10847,0,0,5.369,-88.128,-537.751,0,0,0,0
10848,0,0,5.361,-87.118,-537.755,0,0,0,0
10849,0,0,5.354,-86.109,-537.759,0,0,0,0
10850,0,0,5.347,-85.099,-537.763,0,0,0,0
10851,0,0,5.339,-84.09,-537.767,0,0,0,0
10852,0,0,5.332,-83.081,-537.771,0,0,0,0
10853,0,0,5.324,-82.071,-537.775,0,0,0,0
10854,0,0,5.317,-81.062,-537.779,0,0,0,0
10855,0,0,5.309,-80.053,-537.783,0,0,0,0
10856,0,0,5.302,-79.043,-537.787,0,0,0,0
10857,0,0,5.294,-78.034,-537.791,0,0,0,0
10858,0,0,5.287,-77.025,-537.795,0,0,0,0
10859,0,0,5.279,-76.015,-537.799,0,0,0,0
10860,0,0,5.272,-75.006,-537.803,0,0,0,0
10861,0,0,5.264,-73.997,-537.807,0,0,0,0
10862,0,0,5.257,-72.987,-537.811,0,0,0,0
10863,0,0,5.249,-71.978,-537.815,0,0,0,0
10864,0,0,5.242,-70.969,-537.82,0,0,0,0
10865,0,0,5.224,-69.318,-537.771,0,0,0,0
10866,0,0,5.201,-67.819,-537.73,0,0,0,0
10867,0,0,5.198,-66.251,-537.665,0,0,0,0
10868,0,0,5.21,-64.91,-537.574,0,0,0,0
10869,0,0,5.175,-63.541,-537.437,0,0,0,0
10870,0,0,5.161,-62.059,-537.279,0,0,0,0
10871,0,0,5.14,-60.572,-537.072,0,0,0,0
10872,0,0,5.147,-59.453,-536.909,0,0,0,0
10873,0,0,5.14,-58.351,-536.691,0,0,0,0
10874,0,0,5.105,-56.982,-536.39,0,0,0,0
10875,0,0,5.126,-55.883,-536.112,0,0,0,0
10876,0,0,5.109,-54.775,-535.838,0,0,0,0
10877,0,0,5.083,-53.446,-535.448,0,0,0,0
10878,0,0,5.073,-52.339,-535.102,0,0,0,0
10879,0,0,5.051,-50.34,-534.384,0,0,0,0
10880,0,0,5.034,-49.355,-533.992,0,0,0,0
10881,0,0,5.036,-48.436,-533.61,0,0,0,0
10882,0,0,5.005,-46.774,-532.893,0,0,0,0
10883,0,0,5.01,-45.858,-532.491,0,0,0,0
10884,0,0,4.989,-44.946,-532.081,0,0,0,0
10885,0,0,4.993,-44.04,-531.658,0,0,0,0
10886,0,0,4.975,-43.143,-531.216,0,0,0,0
10887,0,0,4.95,-42.257,-530.753,0,0,0,0
10888,0,0,4.942,-41.385,-530.262,0,0,0,0
10889,0,0,4.944,-40.532,-529.741,0,0,0,0
10890,0,0,4.941,-39.7,-529.186,0,0,0,0
10891,0,0,4.913,-38.894,-528.594,0,0,0,0
10892,0,0,4.891,-38.111,-527.972,0,0,0,0
10893,0,0,4.891,-37.35,-527.323,0,0,0,0
10894,0,0,4.877,-36.607,-526.654,0,0,0,0
10895,0,0,4.841,-35.878,-525.969,0,0,0,0
10896,0,0,4.834,-35.161,-525.273,0,0,0,0
10897,0,0,4.812,-34.45,-524.57,0,0,0,0
10898,0,0,4.795,-33.741,-523.865,0,0,0,0
10899,0,0,4.756,-31.731,-521.879,0,0,0,0
10900,0,0,4.734,-30.889,-520.989,0,0,0,0
10901,0,0,4.695,-29.93,-519.942,0,0,0,0
10902,0,0,4.669,-29.001,-518.873,0,0,0,0
10903,0,0,4.639,-28.235,-517.953,0,0,0,0
10904,0,0,4.637,-27.434,-516.956,0,0,0,0
10905,0,0,4.61,-26.662,-515.942,0,0,0,0
10906,0,0,4.601,-26.087,-515.129,0,0,0,0
10907,0,0,4.554,-25.5,-514.299,0,0,0,0
10908,0,0,4.519,-24.419,-512.698,0,0,0,0
10909,0,0,4.508,-23.805,-511.732,0,0,0,0
10910,0,0,4.483,-22.839,-510.179,0,0,0,0
10911,0,0,4.464,-22.17,-509.049,0,0,0,0
10912,0,0,4.432,-21.409,-507.756,0,0,0,0
10913,0,0,4.414,-20.718,-506.487,0,0,0,0
10914,0,0,4.376,-20.233,-505.54,0,0,0,0
10915,0,0,4.343,-19.317,-503.76,0,0,0,0
10916,0,0,4.318,-18.626,-502.163,0,0,0,0
10917,0,0,4.28,-18.029,-500.785,0,0,0,0
10918,0,0,4.243,-17.245,-498.778,0,0,0,0
10919,0,0,4.218,-16.889,-497.8,0,0,0,0
10920,0,0,4.194,-16.512,-496.793,0,0,0,0
10921,0,0,4.169,-16.136,-495.787,0,0,0,0
10922,0,0,4.144,-15.759,-494.781,0,0,0,0
10923,0,0,4.12,-15.383,-493.775,0,0,0,0
10924,0,0,4.095,-15.007,-492.768,0,0,0,0
10925,0,0,4.07,-14.63,-491.762,0,0,0,0
10926,0,0,4.046,-14.254,-490.756,0,0,0,0
10927,0,0,4.021,-13.878,-489.75,0,0,0,0
10928,0,0,3.985,-13.131,-488.113,0,0,0,0
10929,0,0,3.961,-12.284,-486.525,0,0,0,0
10930,0,0,3.922,-11.322,-485.004,0,0,0,0
10931,0,0,3.894,-10.269,-483.545,0,0,0,0
10932,0,0,3.859,-9.061,-482.095,0,0,0,0
10933,0,0,3.85,-8.325,-481.262,0,0,0,0
10934,0,0,3.82,-7.589,-480.429,0,0,0,0
10935,0,0,3.807,-6.853,-479.596,0,0,0,0
10936,0,0,3.818,-6.117,-478.764,0,0,0,0
10937,0,0,3.8,-5.381,-477.931,0,0,0,0
10938,0,0,3.817,-4.645,-477.098,0,0,0,0
10939,0,0,3.783,-3.909,-476.265,0,0,0,0
10940,0,0,3.774,-3.174,-475.433,0,0,0,0
10941,0,0,3.756,-2.507,-474.572,0,0,0,0
10942,0,0,3.755,-1.869,-473.729,0,0,0,0
10943,0,0,3.725,-1.29,-472.87,0,0,0,0
10944,0,0,3.701,-0.664,-471.798,0,0,0,0
10945,0,0,3.705,-0.152,-470.656,0,0,0,0
10946,0,0,3.645,0.27,-469.491,0,0,0,0
10947,0,0,3.661,0.545,-468.349,0,0,0,0
10948,0,0,3.591,0.721,-467.3,0,0,0,0
10949,0,0,3.588,0.818,-466.292,0,0,0,0
10950,0,0,3.588,0.909,-465.061,0,0,0,0
10951,0,0,3.563,0.962,-464.012,0,0,0,0
10952,0,0,3.565,1.004,-462.859,0,0,0,0
10953,0,0,3.561,1.025,-461.704,0,0,0,0
10954,0,0,3.528,1.025,-460.442,0,0,0,0
10955,0,0,3.515,1.036,-459.255,0,0,0,0
10956,0,0,3.508,1.038,-458.239,0,0,0,0
10957,0,0,3.494,1.041,-457.247,0,0,0,0
10958,0,0,3.469,1.063,-456.213,0,0,0,0
10959,0,0,3.463,1.03,-455.173,0,0,0,0
10960,0,0,3.446,1.055,-454.094,0,0,0,0
10961,0,0,3.43,1.043,-453.049,0,0,0,0
10962,0,0,3.405,1.033,-452.037,0,0,0,0
10963,0,0,3.415,1.026,-450.952,0,0,0,0
10964,0,0,3.428,1.022,-449.863,0,0,0,0
10965,0,0,3.417,1.008,-448.733,0,0,0,0
10966,0,0,3.391,0.997,-447.736,0,0,0,0
10967,0,0,3.352,0.979,-446.589,0,0,0,0
10968,0,0,3.331,0.986,-445.553,0,0,0,0
10969,0,0,3.29,0.96,-444.4,0,0,0,0
10970,0,0,3.23,0.974,-443.29,0,0,0,0
10971,0,0,3.213,0.966,-442.067,0,0,0,0
10972,0,0,3.248,0.96,-440.804,0,0,0,0
10973,0,0,3.234,0.937,-439.598,0,0,0,0
10974,0,0,3.259,0.93,-438.194,0,0,0,0
10975,0,0,3.215,0.931,-436.856,0,0,0,0
10976,0,0,3.21,0.916,-435.438,0,0,0,0
10977,0,0,3.196,0.909,-434.427,0,0,0,0
10978,0,0,3.183,0.902,-433.416,0,0,0,0
10979,0,0,3.17,0.896,-432.405,0,0,0,0
10980,0,0,3.156,0.889,-431.394,0,0,0,0
10981,0,0,3.143,0.883,-430.383,0,0,0,0
10982,0,0,3.129,0.876,-429.372,0,0,0,0
10983,0,0,3.116,0.87,-428.361,0,0,0,0
10984,0,0,3.103,0.863,-427.351,0,0,0,0
10985,0,0,3.089,0.857,-426.34,0,0,0,0
10986,0,0,3.076,0.85,-425.329,0,0,0,0
10987,0,0,3.063,0.844,-424.318,0,0,0,0
10988,0,0,3.049,0.837,-423.307,0,0,0,0
10989,0,0,3.036,0.83,-422.296,0,0,0,0
10990,0,0,3.022,0.824,-421.285,0,0,0,0
10991,0,0,3.009,0.817,-420.275,0,0,0,0
10992,0,0,2.996,0.811,-419.264,0,0,0,0
10993,0,0,2.982,0.804,-418.253,0,0,0,0
10994,0,0,2.969,0.798,-417.242,0,0,0,0
10995,0,0,2.956,0.791,-416.231,0,0,0,0
10996,0,0,2.942,0.785,-415.22,0,0,0,0
10997,0,0,2.929,0.778,-414.209,0,0,0,0
10998,0,0,2.915,0.772,-413.199,0,0,0,0
10999,0,0,2.902,0.765,-412.188,0,0,0,0
11000,0,0,2.889,0.759,-411.177,0,0,0,0
11001,0,0,2.875,0.752,-410.166,0,0,0,0
11002,0,0,2.862,0.745,-409.155,0,0,0,0
11003,0,0,2.849,0.739,-408.144,0,0,0,0
11004,0,0,2.835,0.732,-407.133,0,0,0,0
11005,0,0,2.822,0.726,-406.123,0,0,0,0
11006,0,0,2.808,0.719,-405.112,0,0,0,0
11007,0,0,2.795,0.713,-404.101,0,0,0,0
11008,0,0,2.782,0.706,-403.09,0,0,0,0
11009,0,0,2.768,0.7,-402.079,0,0,0,0
11010,0,0,2.755,0.693,-401.068,0,0,0,0
11011,0,0,2.741,0.687,-400.057,0,0,0,0
11012,0,0,2.728,0.68,-399.047,0,0,0,0
11013,0,0,2.715,0.674,-398.036,0,0,0,0
11014,0,0,2.701,0.667,-397.025,0,0,0,0
11015,0,0,2.688,0.66,-396.014,0,0,0,0
11016,0,0,2.675,0.654,-395.003,0,0,0,0
11017,0,0,2.661,0.647,-393.992,0,0,0,0
11018,0,0,2.648,0.641,-392.981,0,0,0,0
11019,0,0,2.634,0.634,-391.971,0,0,0,0
11020,0,0,2.621,0.628,-390.96,0,0,0,0
11021,0,0,2.608,0.621,-389.949,0,0,0,0
11022,0,0,2.594,0.615,-388.938,0,0,0,0
11023,0,0,2.581,0.608,-387.927,0,0,0,0
11024,0,0,2.568,0.602,-386.916,0,0,0,0
11025,0,0,2.554,0.595,-385.905,0,0,0,0
11026,0,0,2.541,0.589,-384.895,0,0,0,0
11027,0,0,2.524,0.555,-383.845,0,0,0,0
11028,0,0,2.509,0.546,-382.785,0,0,0,0
11029,0,0,2.506,0.543,-381.673,0,0,0,0
11030,0,0,2.476,0.52,-380.572,0,0,0,0
11031,0,0,2.47,0.504,-379.458,0,0,0,0
11032,0,0,2.466,0.508,-378.366,0,0,0,0
11033,0,0,2.44,0.498,-377.242,0,0,0,0
11034,0,0,2.394,0.476,-376.084,0,0,0,0
11035,0,0,2.397,0.486,-374.967,0,0,0,0
11036,0,0,2.395,0.456,-373.835,0,0,0,0
11037,0,0,2.38,0.47,-372.68,0,0,0,0
11038,0,0,2.37,0.465,-371.503,0,0,0,0
11039,0,0,2.339,0.454,-370.329,0,0,0,0
11040,0,0,2.324,0.458,-369.205,0,0,0,0
11041,0,0,2.341,0.452,-367.986,0,0,0,0
11042,0,0,2.311,0.458,-366.865,0,0,0,0
11043,0,0,2.253,0.424,-365.688,0,0,0,0
11044,0,0,2.238,0.442,-364.497,0,0,0,0
11045,0,0,2.21,0.427,-363.335,0,0,0,0
11046,0,0,2.242,0.431,-362.182,0,0,0,0
11047,0,0,2.236,0.429,-361.009,0,0,0,0
11048,0,0,2.208,0.424,-359.876,0,0,0,0
11049,0,0,2.192,0.439,-358.724,0,0,0,0
11050,0,0,2.181,0.419,-357.568,0,0,0,0
11051,0,0,2.172,0.428,-356.37,0,0,0,0
11052,0,0,2.166,0.439,-355.228,0,0,0,0
11053,0,0,2.151,0.436,-354.132,0,0,0,0
11054,0,0,2.14,0.437,-352.991,0,0,0,0
11055,0,0,2.138,0.417,-351.843,0,0,0,0
11056,0,0,2.094,0.421,-350.708,0,0,0,0
11057,0,0,2.14,0.427,-349.563,0,0,0,0
11058,0,0,2.081,0.435,-348.458,0,0,0,0
11059,0,0,2.08,0.429,-347.241,0,0,0,0
11060,0,0,2.075,0.414,-345.692,0,0,0,0
11061,0,0,2.02,0.415,-344.555,0,0,0,0
11062,0,0,1.969,0.416,-343.414,0,0,0,0
11063,0,0,2.0,0.409,-342.302,0,0,0,0
11064,0,0,1.971,0.421,-341.124,0,0,0,0
11065,0,0,1.92,0.409,-340.074,0,0,0,0
11066,0,0,1.96,0.405,-338.907,0,0,0,0
11067,0,0,1.98,0.406,-337.765,0,0,0,0
11068,0,0,1.964,0.394,-336.644,0,0,0,0
11069,0,0,1.944,0.387,-335.497,0,0,0,0
11070,0,0,1.921,0.393,-334.428,0,0,0,0
11071,0,0,1.924,0.356,-333.265,0,0,0,0
11072,0,0,1.91,0.354,-332.218,0,0,0,0
11073,0,0,1.894,0.36,-331.088,0,0,0,0
11074,0,0,1.882,0.336,-329.936,0,0,0,0
11075,0,0,1.859,0.333,-328.792,0,0,0,0
11076,0,0,1.845,0.307,-327.679,0,0,0,0
11077,0,0,1.823,0.305,-326.528,0,0,0,0
11078,0,0,1.825,0.296,-325.397,0,0,0,0
11079,0,0,1.806,0.311,-324.358,0,0,0,0
11080,0,0,1.803,0.287,-323.206,0,0,0,0
11081,0,0,1.781,0.278,-322.146,0,0,0,0
11082,0,0,1.783,0.25,-321.04,0,0,0,0
11083,0,0,1.777,0.258,-319.969,0,0,0,0
11084,0,0,1.769,0.263,-318.9,0,0,0,0
11085,0,0,1.749,0.251,-317.846,0,0,0,0
11086,0,0,1.756,0.242,-316.748,0,0,0,0
11087,0,0,1.735,0.258,-315.677,0,0,0,0
11088,0,0,1.712,0.201,-314.587,0,0,0,0
11089,0,0,1.696,0.234,-313.428,0,0,0,0
11090,0,0,1.69,0.206,-312.301,0,0,0,0
11091,0,0,1.685,0.206,-311.2,0,0,0,0
11092,0,0,1.665,0.173,-310.089,0,0,0,0
11093,0,0,1.642,0.174,-308.958,0,0,0,0
11094,0,0,1.632,0.154,-307.834,0,0,0,0
11095,0,0,1.608,0.176,-306.733,0,0,0,0
11096,0,0,1.606,0.165,-305.611,0,0,0,0
11097,0,0,1.59,0.141,-304.49,0,0,0,0
11098,0,0,1.59,0.161,-303.365,0,0,0,0
11099,0,0,1.583,0.149,-302.252,0,0,0,0
11100,0,0,1.546,0.161,-301.094,0,0,0,0
11101,0,0,1.505,0.126,-299.936,0,0,0,0
11102,0,0,1.514,0.14,-298.773,0,0,0,0
11103,0,0,1.532,0.135,-297.658,0,0,0,0
11104,0,0,1.506,0.121,-296.54,0,0,0,0
11105,0,0,1.521,0.145,-295.361,0,0,0,0
11106,0,0,1.49,0.134,-294.259,0,0,0,0
11107,0,0,1.413,0.128,-293.162,0,0,0,0
11108,0,0,1.434,0.113,-291.99,0,0,0,0
11109,0,0,1.451,0.13,-290.849,0,0,0,0
11110,0,0,1.446,0.128,-289.681,0,0,0,0
11111,0,0,1.446,0.157,-288.553,0,0,0,0
11112,0,0,1.453,0.135,-287.391,0,0,0,0
11113,0,0,1.442,0.12,-286.206,0,0,0,0
11114,0,0,1.422,0.125,-285.033,0,0,0,0
11115,0,0,1.397,0.135,-283.872,0,0,0,0
11116,0,0,1.408,0.139,-282.737,0,0,0,0
11117,0,0,1.372,0.138,-281.543,0,0,0,0
11118,0,0,1.376,0.125,-280.384,0,0,0,0
11119,0,0,1.365,0.1,-279.204,0,0,0,0
11120,0,0,1.363,0.102,-278.043,0,0,0,0
11121,0,0,1.347,0.123,-276.86,0,0,0,0
11122,0,0,1.345,0.11,-275.702,0,0,0,0
11123,0,0,1.321,0.118,-274.542,0,0,0,0
11124,0,0,1.309,0.125,-273.356,0,0,0,0
11125,0,0,1.324,0.13,-272.204,0,0,0,0
11126,0,0,1.294,0.131,-271.028,0,0,0,0
11127,0,0,1.272,0.128,-269.86,0,0,0,0
11128,0,0,1.27,0.134,-268.688,0,0,0,0
11129,0,0,1.28,0.108,-267.527,0,0,0,0
11130,0,0,1.267,0.099,-266.304,0,0,0,0
11131,0,0,1.226,0.113,-265.144,0,0,0,0
11132,0,0,1.195,0.108,-264.003,0,0,0,0
11133,0,0,1.181,0.095,-262.822,0,0,0,0
11134,0,0,1.131,0.118,-261.649,0,0,0,0
11135,0,0,1.089,0.111,-260.486,0,0,0,0
11136,0,0,1.116,0.094,-259.303,0,0,0,0
11137,0,0,1.121,0.104,-258.13,0,0,0,0
11138,0,0,1.145,0.115,-256.898,0,0,0,0
11139,0,0,1.152,0.104,-255.724,0,0,0,0
11140,0,0,1.123,0.118,-254.527,0,0,0,0
11141,0,0,1.117,0.108,-253.388,0,0,0,0
11142,0,0,1.132,0.113,-252.179,0,0,0,0
11143,0,0,1.153,0.116,-250.992,0,0,0,0
11144,0,0,1.122,0.13,-249.807,0,0,0,0
11145,0,0,1.106,0.114,-248.606,0,0,0,0
11146,0,0,1.122,0.125,-247.419,0,0,0,0
11147,0,0,1.098,0.12,-246.219,0,0,0,0
11148,0,0,1.09,0.11,-245.027,0,0,0,0
11149,0,0,1.071,0.111,-243.863,0,0,0,0
11150,0,0,1.048,0.131,-242.639,0,0,0,0
11151,0,0,1.051,0.134,-241.472,0,0,0,0
11152,0,0,1.053,0.131,-240.316,0,0,0,0
11153,0,0,1.045,0.134,-239.126,0,0,0,0
11154,0,0,1.048,0.119,-237.972,0,0,0,0
11155,0,0,1.047,0.124,-236.79,0,0,0,0
11156,0,0,1.028,0.123,-235.621,0,0,0,0
11157,0,0,1.015,0.127,-234.457,0,0,0,0
11158,0,0,1.018,0.133,-233.281,0,0,0,0
11159,0,0,1.006,0.133,-232.099,0,0,0,0
11160,0,0,1.004,0.138,-230.89,0,0,0,0
11161,0,0,0.996,0.151,-229.719,0,0,0,0
11162,0,0,0.997,0.141,-228.528,0,0,0,0
11163,0,0,0.973,0.143,-227.314,0,0,0,0
11164,0,0,0.958,0.141,-226.075,0,0,0,0
11165,0,0,0.949,0.138,-224.846,0,0,0,0
11166,0,0,0.94,0.139,-223.607,0,0,0,0
11167,0,0,0.93,0.144,-222.36,0,0,0,0
11168,0,0,0.919,0.136,-221.12,0,0,0,0
11169,0,0,0.917,0.134,-219.846,0,0,0,0
11170,0,0,0.907,0.136,-218.571,0,0,0,0
11171,0,0,0.894,0.14,-217.354,0,0,0,0
11172,0,0,0.887,0.143,-216.081,0,0,0,0
11173,0,0,0.875,0.14,-214.818,0,0,0,0
11174,0,0,0.865,0.131,-213.564,0,0,0,0
11175,0,0,0.848,0.134,-212.315,0,0,0,0
11176,0,0,0.837,0.142,-211.071,0,0,0,0
11177,0,0,0.84,0.134,-209.803,0,0,0,0
11178,0,0,0.839,0.13,-208.501,0,0,0,0
11179,0,0,0.844,0.148,-207.212,0,0,0,0
11180,0,0,0.853,0.144,-205.95,0,0,0,0
11181,0,0,0.799,0.145,-204.699,0,0,0,0
11182,0,0,0.742,0.162,-203.425,0,0,0,0
11183,0,0,0.733,0.152,-202.167,0,0,0,0
11184,0,0,0.77,0.15,-200.897,0,0,0,0
11185,0,0,0.792,0.153,-199.627,0,0,0,0
11186,0,0,0.793,0.152,-198.323,0,0,0,0
11187,0,0,0.785,0.159,-197.039,0,0,0,0
11188,0,0,0.747,0.148,-195.782,0,0,0,0
11189,0,0,0.715,0.14,-194.544,0,0,0,0
11190,0,0,0.729,0.138,-193.279,0,0,0,0
11191,0,0,0.727,0.132,-192.008,0,0,0,0
11192,0,0,0.731,0.136,-190.733,0,0,0,0
11193,0,0,0.741,0.126,-189.487,0,0,0,0
11194,0,0,0.735,0.12,-188.144,0,0,0,0
11195,0,0,0.702,0.121,-186.901,0,0,0,0
11196,0,0,0.696,0.105,-185.612,0,0,0,0
11197,0,0,0.698,0.124,-184.309,0,0,0,0
11198,0,0,0.696,0.122,-182.989,0,0,0,0
11199,0,0,0.687,0.113,-181.676,0,0,0,0
11200,0,0,0.657,0.131,-180.373,0,0,0,0
11201,0,0,0.658,0.126,-179.049,0,0,0,0
11202,0,0,0.651,0.134,-177.72,0,0,0,0
11203,0,0,0.645,0.142,-176.634,0,0,0,0
11204,0,0,0.639,0.151,-175.549,0,0,0,0
11205,0,0,0.633,0.16,-174.463,0,0,0,0
11206,0,0,0.628,0.169,-173.378,0,0,0,0
11207,0,0,0.622,0.178,-172.292,0,0,0,0
11208,0,0,0.616,0.186,-171.207,0,0,0,0
11209,0,0,0.61,0.195,-170.121,0,0,0,0
11210,0,0,0.604,0.204,-169.036,0,0,0,0
11211,0,0,0.599,0.213,-167.95,0,0,0,0
11212,0,0,0.593,0.222,-166.865,0,0,0,0
11213,0,0,0.589,0.208,-165.482,0,0,0,0
11214,0,0,0.589,0.23,-164.107,0,0,0,0
11215,0,0,0.58,0.233,-163.098,0,0,0,0
11216,0,0,0.571,0.236,-162.089,0,0,0,0
11217,0,0,0.562,0.239,-161.08,0,0,0,0
11218,0,0,0.553,0.243,-160.071,0,0,0,0
11219,0,0,0.544,0.246,-159.062,0,0,0,0
11220,0,0,0.535,0.249,-158.054,0,0,0,0
11221,0,0,0.526,0.252,-157.045,0,0,0,0
11222,0,0,0.517,0.256,-156.036,0,0,0,0
11223,0,0,0.508,0.259,-155.027,0,0,0,0
11224,0,0,0.499,0.262,-154.018,0,0,0,0
11225,0,0,0.49,0.266,-153.01,0,0,0,0
11226,0,0,0.482,0.262,-151.649,0,0,0,0
11227,0,0,0.468,0.27,-150.252,0,0,0,0
11228,0,0,0.434,0.267,-148.865,0,0,0,0
11229,0,0,0.44,0.269,-147.51,0,0,0,0
11230,0,0,0.446,0.275,-146.18,0,0,0,0
11231,0,0,0.45,0.276,-144.853,0,0,0,0
11232,0,0,0.448,0.276,-143.566,0,0,0,0
11233,0,0,0.441,0.264,-142.187,0,0,0,0
11234,0,0,0.431,0.269,-140.911,0,0,0,0
11235,0,0,0.412,0.268,-139.507,0,0,0,0
11236,0,0,0.393,0.271,-138.196,0,0,0,0
11237,0,0,0.387,0.261,-136.857,0,0,0,0
11238,0,0,0.414,0.264,-135.535,0,0,0,0
11239,0,0,0.408,0.261,-134.198,0,0,0,0
11240,0,0,0.385,0.263,-132.863,0,0,0,0
11241,0,0,0.373,0.265,-131.538,0,0,0,0
11242,0,0,0.384,0.265,-130.264,0,0,0,0
11243,0,0,0.391,0.265,-128.971,0,0,0,0
11244,0,0,0.387,0.244,-127.659,0,0,0,0
11245,0,0,0.371,0.253,-126.339,0,0,0,0
11246,0,0,0.362,0.252,-125.067,0,0,0,0
11247,0,0,0.368,0.26,-123.75,0,0,0,0
11248,0,0,0.364,0.247,-122.427,0,0,0,0
11249,0,0,0.344,0.254,-121.091,0,0,0,0
11250,0,0,0.343,0.251,-119.773,0,0,0,0
11251,0,0,0.345,0.253,-118.434,0,0,0,0
11252,0,0,0.338,0.263,-117.122,0,0,0,0
11253,0,0,0.321,0.261,-115.759,0,0,0,0
11254,0,0,0.303,0.272,-114.408,0,0,0,0
11255,0,0,0.296,0.28,-113.326,0,0,0,0
11256,0,0,0.29,0.288,-112.245,0,0,0,0
11257,0,0,0.283,0.296,-111.164,0,0,0,0
11258,0,0,0.277,0.304,-110.083,0,0,0,0
11259,0,0,0.27,0.312,-109.002,0,0,0,0
11260,0,0,0.264,0.32,-107.921,0,0,0,0
11261,0,0,0.257,0.328,-106.84,0,0,0,0
11262,0,0,0.251,0.335,-105.759,0,0,0,0
11263,0,0,0.244,0.344,-104.678,0,0,0,0
11264,0,0,0.238,0.352,-103.597,0,0,0,0
11265,0,0,0.248,0.342,-102.232,0,0,0,0
11266,0,0,0.293,0.341,-100.889,0,0,0,0
11267,0,0,0.264,0.355,-99.555,0,0,0,0
11268,0,0,0.269,0.361,-98.226,0,0,0,0
11269,0,0,0.242,0.356,-96.833,0,0,0,0
11270,0,0,0.224,0.378,-95.512,0,0,0,0
11271,0,0,0.215,0.365,-94.145,0,0,0,0
11272,0,0,0.191,0.372,-92.793,0,0,0,0
11273,0,0,0.18,0.379,-91.44,0,0,0,0
11274,0,0,0.193,0.38,-90.076,0,0,0,0
11275,0,0,0.2,0.374,-88.713,0,0,0,0
11276,0,0,0.191,0.366,-87.621,0,0,0,0
11277,0,0,0.183,0.358,-86.529,0,0,0,0
11278,0,0,0.174,0.35,-85.438,0,0,0,0
11279,0,0,0.166,0.343,-84.346,0,0,0,0
11280,0,0,0.157,0.335,-83.255,0,0,0,0
11281,0,0,0.148,0.327,-82.163,0,0,0,0
11282,0,0,0.14,0.32,-81.071,0,0,0,0
11283,0,0,0.131,0.312,-79.98,0,0,0,0
11284,0,0,0.122,0.304,-78.888,0,0,0,0
11285,0,0,0.114,0.297,-77.797,0,0,0,0
11286,0,0,0.126,0.298,-76.45,0,0,0,0
11287,0,0,0.094,0.29,-75.08,0,0,0,0
11288,0,0,0.103,0.278,-73.714,0,0,0,0
11289,0,0,0.112,0.285,-72.35,0,0,0,0
11290,0,0,0.108,0.277,-70.984,0,0,0,0
11291,0,0,0.101,0.278,-69.589,0,0,0,0
11292,0,0,0.086,0.281,-68.211,0,0,0,0
11293,0,0,0.083,0.271,-66.788,0,0,0,0
11294,0,0,0.08,0.27,-65.436,0,0,0,0
11295,0,0,0.069,0.252,-64.093,0,0,0,0
11296,0,0,0.079,0.254,-62.729,0,0,0,0
11297,0,0,0.095,0.245,-61.359,0,0,0,0
11298,0,0,0.081,0.237,-59.995,0,0,0,0
11299,0,0,0.076,0.244,-58.609,0,0,0,0
11300,0,0,0.066,0.25,-57.262,0,0,0,0
11301,0,0,0.015,0.245,-55.882,0,0,0,0
11302,0,0,0.028,0.258,-54.512,0,0,0,0
11303,0,0,0.096,0.241,-53.183,0,0,0,0
11304,0,0,0.106,0.245,-51.856,0,0,0,0
11305,0,0,0.068,0.242,-50.485,0,0,0,0
11306,0,0,0.03,0.242,-49.113,0,0,0,0
11307,0,0,0.035,0.225,-47.734,0,0,0,0
11308,0,0,0.051,0.235,-46.359,0,0,0,0
11309,0,0,0.076,0.235,-45.016,0,0,0,0
11310,0,0,0.061,0.218,-43.618,0,0,0,0
11311,0,0,0.036,0.215,-42.268,0,0,0,0
11312,0,0,0.013,0.213,-40.904,0,0,0,0
11313,0,0,0.025,0.202,-39.526,0,0,0,0
11314,0,0,0.059,0.203,-38.182,0,0,0,0
11315,0,0,0.017,0.195,-36.808,0,0,0,0
11316,0,0,0.011,0.196,-35.487,0,0,0,0
11317,0,0,0.045,0.198,-34.134,0,0,0,0
11318,0,0,0.056,0.17,-32.752,0,0,0,0
11319,0,0,0.029,0.176,-31.419,0,0,0,0
11320,0,0,0.011,0.168,-30.033,0,0,0,0
11321,0,0,0.018,0.159,-28.671,0,0,0,0
11322,0,0,0.044,0.166,-27.317,0,0,0,0
11323,0,0,0.0,0.164,-25.959,0,0,0,0
11324,0,0,-0.014,0.17,-24.575,0,0,0,0
11325,0,0,-0.033,0.177,-23.214,0,0,0,0
11326,0,0,-0.04,0.18,-21.85,0,0,0,0
11327,0,0,-0.04,0.19,-20.501,0,0,0,0
11328,0,0,-0.034,0.183,-19.092,0,0,0,0
11329,0,0,-0.01,0.191,-17.7,0,0,0,0
11330,0,0,-0.002,0.188,-16.325,0,0,0,0
11331,0,0,-0.028,0.186,-14.933,0,0,0,0
11332,0,0,-0.039,0.201,-13.523,0,0,0,0
11333,0,0,-0.033,0.186,-12.122,0,0,0,0
11334,0,0,-0.024,0.189,-10.728,0,0,0,0
11335,0,0,-0.02,0.178,-9.34,0,0,0,0
11336,0,0,-0.032,0.199,-7.948,0,0,0,0
11337,0,0,-0.036,0.197,-6.576,0,0,0,0
11338,0,0,-0.018,0.201,-5.186,0,0,0,0
11339,0,0,-0.048,0.183,-3.83,0,0,0,0
11340,0,0,-0.045,0.205,-2.462,0,0,0,0
11341,0,0,-0.049,0.206,-1.127,0,0,0,0
11342,0,0,-0.049,0.196,0.265,0,0,0,0
11343,0,0,-0.038,0.204,1.583,0,0,0,0
11344,0,0,-0.015,0.196,2.918,0,0,0,0
11345,0,0,-0.04,0.21,4.275,0,0,0,0
11346,0,0,-0.039,0.213,5.599,0,0,0,0
11347,0,0,-0.066,0.192,6.893,0,0,0,0
11348,0,0,-0.093,0.214,8.233,0,0,0,0
11349,0,0,-0.066,0.205,9.559,0,0,0,0
11350,0,0,-0.1,0.206,10.847,0,0,0,0
11351,0,0,-0.113,0.192,12.148,0,0,0,0
11352,0,0,-0.079,0.178,13.496,0,0,0,0
11353,0,0,-0.135,0.175,14.739,0,0,0,0
11354,0,0,-0.116,0.169,16.036,0,0,0,0
11355,0,0,-0.079,0.159,17.385,0,0,0,0
11356,0,0,-0.09,0.162,18.706,0,0,0,0
11357,0,0,-0.085,0.147,19.981,0,0,0,0
11358,0,0,-0.081,0.122,21.344,0,0,0,0
11359,0,0,-0.095,0.133,22.676,0,0,0,0
11360,0,0,-0.1,0.116,23.987,0,0,0,0
11361,0,0,-0.101,0.1,25.021,0,0,0,0
11362,0,0,-0.102,0.084,26.056,0,0,0,0
11363,0,0,-0.103,0.068,27.091,0,0,0,0
11364,0,0,-0.104,0.052,28.126,0,0,0,0
11365,0,0,-0.105,0.036,29.161,0,0,0,0
11366,0,0,-0.106,0.02,30.196,0,0,0,0
11367,0,0,-0.107,0.004,31.23,0,0,0,0
11368,0,0,-0.108,-0.011,32.265,0,0,0,0
11369,0,0,-0.109,-0.027,33.3,0,0,0,0
11370,0,0,-0.11,-0.043,34.335,0,0,0,0
11371,0,0,-0.112,-0.059,35.37,0,0,0,0
11372,0,0,-0.113,-0.075,36.405,0,0,0,0
11373,0,0,-0.114,-0.091,37.44,0,0,0,0
11374,0,0,-0.115,-0.107,38.474,0,0,0,0
11375,0,0,-0.116,-0.123,39.509,0,0,0,0
11376,0,0,-0.117,-0.139,40.544,0,0,0,0
11377,0,0,-0.118,-0.155,41.579,0,0,0,0
11378,0,0,-0.119,-0.171,42.614,0,0,0,0
11379,0,0,-0.12,-0.187,43.649,0,0,0,0
11380,0,0,-0.121,-0.203,44.684,0,0,0,0
11381,0,0,-0.122,-0.219,45.718,0,0,0,0
11382,0,0,-0.123,-0.235,46.753,0,0,0,0
11383,0,0,-0.124,-0.251,47.788,0,0,0,0
11384,0,0,-0.126,-0.267,48.823,0,0,0,0
11385,0,0,-0.127,-0.283,49.858,0,0,0,0
11386,0,0,-0.128,-0.299,50.893,0,0,0,0
11387,0,0,-0.129,-0.315,51.928,0,0,0,0
11388,0,0,-0.128,-0.315,53.247,0,0,0,0
11389,0,0,-0.105,-0.328,54.306,0,0,0,0
11390,0,0,-0.102,-0.341,55.364,0,0,0,0
11391,0,0,-0.099,-0.354,56.423,0,0,0,0
11392,0,0,-0.096,-0.367,57.482,0,0,0,0
11393,0,0,-0.093,-0.38,58.54,0,0,0,0
11394,0,0,-0.09,-0.393,59.599,0,0,0,0
11395,0,0,-0.087,-0.406,60.658,0,0,0,0
11396,0,0,-0.084,-0.419,61.716,0,0,0,0
11397,0,0,-0.081,-0.432,62.775,0,0,0,0
11398,0,0,-0.078,-0.445,63.834,0,0,0,0
11399,0,0,-0.069,-0.443,65.129,0,0,0,0
11400,0,0,-0.062,-0.464,66.44,0,0,0,0
11401,0,0,-0.074,-0.455,67.747,0,0,0,0
11402,0,0,-0.076,-0.464,69.063,0,0,0,0
11403,0,0,-0.072,-0.489,70.373,0,0,0,0
11404,0,0,-0.089,-0.499,71.649,0,0,0,0
11405,0,0,-0.025,-0.514,72.947,0,0,0,0
11406,0,0,-0.016,-0.504,74.243,0,0,0,0
11407,0,0,-0.04,-0.519,75.539,0,0,0,0
11408,0,0,-0.072,-0.526,76.847,0,0,0,0
11409,0,0,-0.079,-0.524,78.138,0,0,0,0
11410,0,0,-0.078,-0.537,79.433,0,0,0,0
11411,0,0,-0.072,-0.55,80.719,0,0,0,0
11412,0,0,-0.059,-0.553,82.029,0,0,0,0
11413,0,0,-0.093,-0.554,83.316,0,0,0,0
11414,0,0,-0.108,-0.563,84.599,0,0,0,0
11415,0,0,-0.086,-0.584,85.886,0,0,0,0
11416,0,0,-0.063,-0.558,87.138,0,0,0,0
11417,0,0,-0.047,-0.599,88.434,0,0,0,0
11418,0,0,-0.054,-0.611,89.694,0,0,0,0
11419,0,0,-0.041,-0.579,90.947,0,0,0,0
11420,0,0,-0.037,-0.59,92.228,0,0,0,0
11421,0,0,-0.036,-0.577,93.479,0,0,0,0
11422,0,0,-0.052,-0.577,94.752,0,0,0,0
11423,0,0,-0.055,-0.595,96.014,0,0,0,0
11424,0,0,-0.034,-0.598,97.26,0,0,0,0
11425,0,0,-0.026,-0.606,98.513,0,0,0,0
11426,0,0,-0.018,-0.575,99.774,0,0,0,0
11427,0,0,-0.017,-0.572,101.002,0,0,0,0
11428,0,0,0.005,-0.587,102.231,0,0,0,0
11429,0,0,-0.014,-0.585,103.451,0,0,0,0
11430,0,0,-0.027,-0.587,104.686,0,0,0,0
11431,0,0,-0.02,-0.576,105.916,0,0,0,0
11432,0,0,-0.008,-0.59,107.118,0,0,0,0
11433,0,0,-0.009,-0.583,108.375,0,0,0,0
11434,0,0,0.004,-0.573,109.586,0,0,0,0
11435,0,0,0.009,-0.595,110.807,0,0,0,0
11436,0,0,0.023,-0.59,112.011,0,0,0,0
11437,0,0,0.0,-0.593,113.222,0,0,0,0
11438,0,0,0.005,-0.601,114.451,0,0,0,0
11439,0,0,-0.018,-0.612,115.65,0,0,0,0
11440,0,0,-0.027,-0.602,116.846,0,0,0,0
11441,0,0,-0.007,-0.615,118.054,0,0,0,0
11442,0,0,-0.011,-0.621,119.267,0,0,0,0
11443,0,0,-0.002,-0.621,120.444,0,0,0,0
11444,0,0,0.01,-0.616,121.649,0,0,0,0
11445,0,0,0.014,-0.634,122.817,0,0,0,0
11446,0,0,0.034,-0.643,124.019,0,0,0,0
11447,0,0,0.025,-0.649,125.209,0,0,0,0
11448,0,0,0.042,-0.646,126.418,0,0,0,0
11449,0,0,0.039,-0.658,127.598,0,0,0,0
11450,0,0,0.024,-0.677,128.792,0,0,0,0
11451,0,0,0.039,-0.657,129.989,0,0,0,0
11452,0,0,0.037,-0.674,131.162,0,0,0,0
11453,0,0,0.048,-0.67,132.358,0,0,0,0
11454,0,0,0.071,-0.658,133.547,0,0,0,0
11455,0,0,0.112,-0.653,134.682,0,0,0,0
11456,0,0,0.133,-0.633,135.876,0,0,0,0
11457,0,0,0.047,-0.658,137.044,0,0,0,0
11458,0,0,0.045,-0.642,138.173,0,0,0,0
11459,0,0,0.043,-0.649,139.343,0,0,0,0
11460,0,0,0.053,-0.631,140.498,0,0,0,0
11461,0,0,0.052,-0.623,141.627,0,0,0,0
11462,0,0,0.055,-0.624,142.758,0,0,0,0
11463,0,0,0.048,-0.634,143.867,0,0,0,0
11464,0,0,0.047,-0.626,144.999,0,0,0,0
11465,0,0,0.056,-0.623,146.114,0,0,0,0
11466,0,0,0.045,-0.627,147.22,0,0,0,0
11467,0,0,0.057,-0.614,148.321,0,0,0,0
11468,0,0,0.067,-0.622,149.435,0,0,0,0
11469,0,0,0.076,-0.616,150.532,0,0,0,0
11470,0,0,0.069,-0.613,151.63,0,0,0,0
11471,0,0,0.089,-0.624,152.681,0,0,0,0
11472,0,0,0.102,-0.607,153.758,0,0,0,0
11473,0,0,0.098,-0.608,154.875,0,0,0,0
11474,0,0,0.1,-0.622,156.001,0,0,0,0
11475,0,0,0.104,-0.595,157.099,0,0,0,0
11476,0,0,0.122,-0.585,158.187,0,0,0,0
11477,0,0,0.11,-0.6,159.328,0,0,0,0
11478,0,0,0.118,-0.59,160.444,0,0,0,0
11479,0,0,0.121,-0.583,161.577,0,0,0,0
11480,0,0,0.156,-0.566,162.709,0,0,0,0
11481,0,0,0.173,-0.565,163.855,0,0,0,0
11482,0,0,0.196,-0.559,164.995,0,0,0,0
11483,0,0,0.144,-0.546,166.147,0,0,0,0
11484,0,0,0.152,-0.571,167.289,0,0,0,0
11485,0,0,0.131,-0.551,168.427,0,0,0,0
11486,0,0,0.15,-0.543,169.611,0,0,0,0
11487,0,0,0.145,-0.538,170.732,0,0,0,0
11488,0,0,0.142,-0.538,171.911,0,0,0,0
11489,0,0,0.138,-0.533,173.055,0,0,0,0
11490,0,0,0.134,-0.555,174.209,0,0,0,0
11491,0,0,0.127,-0.544,175.417,0,0,0,0
11492,0,0,0.128,-0.528,176.576,0,0,0,0
11493,0,0,0.109,-0.531,177.766,0,0,0,0
11494,0,0,0.117,-0.523,178.943,0,0,0,0
11495,0,0,0.123,-0.509,180.101,0,0,0,0
11496,0,0,0.117,-0.528,181.289,0,0,0,0
11497,0,0,0.073,-0.512,182.514,0,0,0,0
11498,0,0,0.086,-0.52,183.707,0,0,0,0
11499,0,0,0.099,-0.491,184.944,0,0,0,0
11500,0,0,0.051,-0.506,186.151,0,0,0,0
11501,0,0,0.05,-0.492,187.367,0,0,0,0
11502,0,0,0.027,-0.481,188.624,0,0,0,0
11503,0,0,0.001,-0.487,189.846,0,0,0,0
11504,0,0,0.017,-0.481,191.063,0,0,0,0
11505,0,0,0.009,-0.491,192.297,0,0,0,0
11506,0,0,0.04,-0.485,193.532,0,0,0,0
11507,0,0,0.053,-0.506,194.742,0,0,0,0
11508,0,0,-0.005,-0.507,195.971,0,0,0,0
11509,0,0,0.044,-0.525,197.199,0,0,0,0
11510,0,0,0.075,-0.514,198.398,0,0,0,0
11511,0,0,0.075,-0.541,199.62,0,0,0,0
11512,0,0,0.092,-0.537,200.831,0,0,0,0
11513,0,0,0.086,-0.589,202.069,0,0,0,0
11514,0,0,0.075,-0.615,203.304,0,0,0,0
11515,0,0,0.103,-0.652,204.487,0,0,0,0
11516,0,0,0.117,-0.695,205.737,0,0,0,0
11517,0,0,0.123,-0.727,206.968,0,0,0,0
11518,0,0,0.117,-0.781,208.163,0,0,0,0
11519,0,0,0.101,-0.837,209.438,0,0,0,0
11520,0,0,0.107,-0.919,210.645,0,0,0,0
11521,0,0,0.113,-1.003,211.65,0,0,0,0
11522,0,0,0.118,-1.088,212.655,0,0,0,0
11523,0,0,0.124,-1.172,213.66,0,0,0,0
11524,0,0,0.13,-1.257,214.666,0,0,0,0
11525,0,0,0.135,-1.341,215.671,0,0,0,0
11526,0,0,0.141,-1.426,216.676,0,0,0,0
11527,0,0,0.147,-1.51,217.681,0,0,0,0
11528,0,0,0.152,-1.595,218.687,0,0,0,0
11529,0,0,0.158,-1.679,219.692,0,0,0,0
11530,0,0,0.164,-1.764,220.697,0,0,0,0
11531,0,0,0.169,-1.849,221.703,0,0,0,0
11532,0,0,0.183,-2.013,222.937,0,0,0,0
11533,0,0,0.194,-2.179,224.125,0,0,0,0
11534,0,0,0.204,-2.364,225.382,0,0,0,0
11535,0,0,0.227,-2.566,226.582,0,0,0,0
11536,0,0,0.212,-2.796,227.796,0,0,0,0
11537,0,0,0.244,-3.03,228.965,0,0,0,0
11538,0,0,0.26,-3.269,230.167,0,0,0,0
11539,0,0,0.253,-3.523,231.341,0,0,0,0
11540,0,0,0.237,-3.778,232.509,0,0,0,0
11541,0,0,0.251,-4.07,233.649,0,0,0,0
11542,0,0,0.269,-4.363,234.84,0,0,0,0
11543,0,0,0.279,-4.643,235.957,0,0,0,0
11544,0,0,0.278,-4.937,237.121,0,0,0,0
11545,0,0,0.31,-5.249,238.224,0,0,0,0
11546,0,0,0.409,-5.571,239.359,0,0,0,0
11547,0,0,0.345,-5.873,240.446,0,0,0,0
11548,0,0,0.327,-6.205,241.544,0,0,0,0
11549,0,0,0.351,-6.531,242.669,0,0,0,0
11550,0,0,0.378,-6.881,243.762,0,0,0,0
11551,0,0,0.393,-7.247,244.837,0,0,0,0
11552,0,0,0.419,-7.613,245.93,0,0,0,0
11553,0,0,0.427,-7.983,246.999,0,0,0,0
11554,0,0,0.424,-8.372,248.052,0,0,0,0
11555,0,0,0.424,-8.757,249.118,0,0,0,0
11556,0,0,0.445,-9.152,250.18,0,0,0,0
11557,0,0,0.489,-9.593,251.22,0,0,0,0
11558,0,0,0.467,-9.999,252.212,0,0,0,0
11559,0,0,0.446,-10.432,253.245,0,0,0,0
11560,0,0,0.472,-10.869,254.288,0,0,0,0
11561,0,0,0.499,-11.306,255.259,0,0,0,0
11562,0,0,0.53,-11.757,256.24,0,0,0,0
11563,0,0,0.564,-12.222,257.225,0,0,0,0
11564,0,0,0.598,-12.681,258.204,0,0,0,0
11565,0,0,0.542,-13.173,259.183,0,0,0,0
11566,0,0,0.493,-13.641,260.154,0,0,0,0
11567,0,0,0.56,-14.13,261.091,0,0,0,0
11568,0,0,0.595,-14.614,262.0,0,0,0,0
11569,0,0,0.622,-15.117,262.953,0,0,0,0
11570,0,0,0.605,-15.631,263.882,0,0,0,0
11571,0,0,0.607,-16.146,264.767,0,0,0,0
11572,0,0,0.633,-16.642,265.648,0,0,0,0
11573,0,0,0.673,-17.136,266.515,0,0,0,0
11574,0,0,0.653,-17.652,267.419,0,0,0,0
11575,0,0,0.615,-18.202,268.277,0,0,0,0
11576,0,0,0.642,-18.718,269.141,0,0,0,0
11577,0,0,0.683,-19.268,270.019,0,0,0,0
11578,0,0,0.697,-19.849,270.854,0,0,0,0
11579,0,0,0.717,-20.437,271.721,0,0,0,0
11580,0,0,0.73,-21.002,272.562,0,0,0,0
11581,0,0,0.738,-21.617,273.412,0,0,0,0
11582,0,0,0.755,-22.233,274.244,0,0,0,0
11583,0,0,0.774,-22.845,275.042,0,0,0,0
11584,0,0,0.764,-23.468,275.88,0,0,0,0
11585,0,0,0.768,-24.123,276.657,0,0,0,0
11586,0,0,0.777,-24.774,277.47,0,0,0,0
11587,0,0,0.777,-25.466,278.269,0,0,0,0
11588,0,0,0.787,-26.132,279.078,0,0,0,0
11589,0,0,0.736,-26.854,279.871,0,0,0,0
11590,0,0,0.806,-27.537,280.617,0,0,0,0
11591,0,0,0.926,-28.27,281.406,0,0,0,0
11592,0,0,0.953,-28.988,282.163,0,0,0,0
11593,0,0,0.911,-29.717,282.934,0,0,0,0
11594,0,0,0.931,-30.452,283.654,0,0,0,0
11595,0,0,0.924,-31.19,284.39,0,0,0,0
11596,0,0,0.935,-31.946,285.123,0,0,0,0
11597,0,0,0.969,-32.715,285.848,0,0,0,0
11598,0,0,0.969,-33.457,286.542,0,0,0,0
11599,0,0,0.971,-34.243,287.274,0,0,0,0
11600,0,0,0.902,-34.992,287.971,0,0,0,0
11601,0,0,0.982,-35.789,288.654,0,0,0,0
11602,0,0,1.051,-36.59,289.341,0,0,0,0
11603,0,0,1.073,-37.363,289.993,0,0,0,0
11604,0,0,0.972,-38.214,290.705,0,0,0,0
11605,0,0,1.024,-39.008,291.367,0,0,0,0
11606,0,0,1.082,-39.849,292.017,0,0,0,0
11607,0,0,1.091,-40.687,292.679,0,0,0,0
11608,0,0,1.091,-41.519,293.318,0,0,0,0
11609,0,0,1.101,-42.386,293.965,0,0,0,0
11610,0,0,1.115,-43.216,294.591,0,0,0,0
11611,0,0,1.111,-44.108,295.208,0,0,0,0
11612,0,0,1.143,-45.012,295.828,0,0,0,0
11613,0,0,1.174,-45.944,296.461,0,0,0,0
11614,0,0,1.261,-46.828,297.034,0,0,0,0
11615,0,0,1.205,-47.76,297.645,0,0,0,0
11616,0,0,1.203,-48.692,298.257,0,0,0,0
11617,0,0,1.235,-49.603,298.833,0,0,0,0
11618,0,0,1.286,-50.575,299.442,0,0,0,0
11619,0,0,1.292,-51.471,300.026,0,0,0,0
11620,0,0,1.233,-52.459,300.595,0,0,0,0
11621,0,0,1.209,-53.413,301.197,0,0,0,0
11622,0,0,1.273,-54.321,301.695,0,0,0,0
11623,0,0,1.294,-55.341,302.311,0,0,0,0
11624,0,0,1.329,-56.78,303.131,0,0,0,0
11625,0,0,1.402,-57.711,303.599,0,0,0,0
11626,0,0,1.383,-58.734,304.198,0,0,0,0
11627,0,0,1.37,-60.195,305.005,0,0,0,0
11628,0,0,1.388,-61.091,305.456,0,0,0,0
11629,0,0,1.419,-62.157,306.051,0,0,0,0
11630,0,0,1.407,-63.046,306.512,0,0,0,0
11631,0,0,1.415,-64.117,307.101,0,0,0,0
11632,0,0,1.465,-65.608,307.904,0,0,0,0
11633,0,0,1.503,-67.072,308.701,0,0,0,0
11634,0,0,1.492,-67.995,309.179,0,0,0,0
11635,0,0,1.515,-69.098,309.797,0,0,0,0
11636,0,0,1.523,-70.0,310.248,0,0,0,0
11637,0,0,1.549,-71.114,310.874,0,0,0,0
11638,0,0,1.568,-72.006,311.331,0,0,0,0
11639,0,0,1.59,-73.152,311.96,0,0,0,0
11640,0,0,1.604,-74.182,312.524,0,0,0,0
11641,0,0,1.632,-75.178,313.03,0,0,0,0
11642,0,0,1.691,-76.362,313.686,0,0,0,0
11643,0,0,1.697,-77.919,314.515,0,0,0,0
11644,0,0,1.746,-78.875,314.996,0,0,0,0
11645,0,0,1.73,-80.062,315.653,0,0,0,0
11646,0,0,1.674,-80.985,316.131,0,0,0,0
11647,0,0,1.801,-82.163,316.768,0,0,0,0
11648,0,0,1.773,-83.336,317.415,0,0,0,0
11649,0,0,1.806,-84.256,317.874,0,0,0,0
11650,0,0,1.85,-85.458,318.546,0,0,0,0
11651,0,0,1.853,-86.481,319.107,0,0,0,0
11652,0,0,1.876,-87.561,319.677,0,0,0,0
11653,0,0,1.897,-88.717,320.321,0,0,0,0
11654,0,0,1.917,-89.706,320.827,0,0,0,0
11655,0,0,1.871,-90.916,321.507,0,0,0,0
11656,0,0,1.936,-92.01,322.12,0,0,0,0
11657,0,0,1.936,-93.07,322.683,0,0,0,0
11658,0,0,1.948,-93.964,323.161,0,0,0,0
11659,0,0,1.96,-94.858,323.639,0,0,0,0
11660,0,0,1.971,-95.753,324.117,0,0,0,0
11661,0,0,1.983,-96.647,324.595,0,0,0,0
11662,0,0,1.995,-97.541,325.073,0,0,0,0
11663,0,0,2.006,-98.436,325.551,0,0,0,0
11664,0,0,2.018,-99.33,326.029,0,0,0,0
11665,0,0,2.03,-100.224,326.507,0,0,0,0
11666,0,0,2.042,-101.119,326.985,0,0,0,0
11667,0,0,2.053,-102.013,327.463,0,0,0,0
11668,0,0,2.065,-102.907,327.941,0,0,0,0
11669,0,0,2.077,-103.802,328.419,0,0,0,0
11670,0,0,2.088,-104.696,328.897,0,0,0,0
11671,0,0,2.1,-105.59,329.375,0,0,0,0
11672,0,0,2.112,-106.485,329.853,0,0,0,0
11673,0,0,2.124,-107.379,330.331,0,0,0,0
11674,0,0,2.135,-108.273,330.809,0,0,0,0
11675,0,0,2.147,-109.168,331.287,0,0,0,0
11676,0,0,2.159,-110.062,331.765,0,0,0,0
11677,0,0,2.17,-110.957,332.243,0,0,0,0
11678,0,0,2.182,-111.851,332.721,0,0,0,0
11679,0,0,2.194,-112.745,333.199,0,0,0,0
11680,0,0,2.206,-113.64,333.677,0,0,0,0
11681,0,0,2.217,-114.534,334.155,0,0,0,0
11682,0,0,2.229,-115.428,334.633,0,0,0,0
11683,0,0,2.241,-116.323,335.111,0,0,0,0
11684,0,0,2.252,-117.217,335.589,0,0,0,0
11685,0,0,2.264,-118.111,336.067,0,0,0,0
11686,0,0,2.276,-119.006,336.545,0,0,0,0
11687,0,0,2.288,-119.9,337.023,0,0,0,0
11688,0,0,2.299,-120.794,337.501,0,0,0,0
11689,0,0,2.311,-121.689,337.979,0,0,0,0
11690,0,0,2.323,-122.583,338.457,0,0,0,0
11691,0,0,2.334,-123.477,338.935,0,0,0,0
11692,0,0,2.346,-124.372,339.413,0,0,0,0
11693,0,0,2.358,-125.266,339.891,0,0,0,0
11694,0,0,2.37,-126.161,340.37,0,0,0,0
11695,0,0,2.375,-127.104,340.864,0,0,0,0
11696,0,0,2.408,-128.205,341.452,0,0,0,0
11697,0,0,2.439,-129.309,342.056,0,0,0,0
11698,0,0,2.435,-130.669,342.783,0,0,0,0
11699,0,0,2.452,-131.744,343.352,0,0,0,0
11700,0,0,2.504,-132.79,343.923,0,0,0,0
11701,0,0,2.528,-133.699,344.38,0,0,0,0
11702,0,0,2.541,-134.76,344.959,0,0,0,0
11703,0,0,2.539,-135.644,345.413,0,0,0,0
11704,0,0,2.531,-136.709,345.987,0,0,0,0
11705,0,0,2.564,-138.142,346.749,0,0,0,0
11706,0,0,2.613,-139.091,347.249,0,0,0,0
11707,0,0,2.627,-140.118,347.795,0,0,0,0
11708,0,0,2.638,-140.997,348.259,0,0,0,0
11709,0,0,2.719,-142.035,348.813,0,0,0,0
11710,0,0,2.628,-143.394,349.55,0,0,0,0
11711,0,0,2.724,-144.324,350.019,0,0,0,0
11712,0,0,2.744,-145.282,350.539,0,0,0,0
11713,0,0,2.635,-146.169,351.024,0,0,0,0
11714,0,0,2.614,-147.15,351.542,0,0,0,0
11715,0,0,2.601,-148.035,352.005,0,0,0,0
11716,0,0,2.625,-149.003,352.493,0,0,0,0
11717,0,0,2.718,-149.93,352.929,0,0,0,0
11718,0,0,2.83,-150.866,353.364,0,0,0,0
11719,0,0,2.721,-151.809,353.796,0,0,0,0
11720,0,0,2.71,-152.806,354.194,0,0,0,0
11721,0,0,2.708,-153.758,354.599,0,0,0,0
11722,0,0,2.778,-154.731,354.963,0,0,0,0
11723,0,0,2.898,-155.692,355.327,0,0,0,0
11724,0,0,2.854,-156.641,355.669,0,0,0,0
11725,0,0,2.881,-157.647,356.027,0,0,0,0
11726,0,0,2.836,-159.073,356.51,0,0,0,0
11727,0,0,2.865,-160.49,356.921,0,0,0,0
11728,0,0,2.867,-161.474,357.198,0,0,0,0
11729,0,0,2.861,-162.433,357.444,0,0,0,0
11730,0,0,2.88,-163.406,357.684,0,0,0,0
11731,0,0,2.916,-164.392,357.887,0,0,0,0
11732,0,0,2.913,-165.405,358.111,0,0,0,0
11733,0,0,2.935,-166.402,358.275,0,0,0,0
11734,0,0,2.928,-167.402,358.454,0,0,0,0
11735,0,0,2.932,-168.397,358.599,0,0,0,0
11736,0,0,2.947,-169.894,358.804,0,0,0,0
11737,0,0,2.963,-170.904,358.908,0,0,0,0
11738,0,0,2.978,-171.909,358.995,0,0,0,0
11739,0,0,2.975,-172.922,359.075,0,0,0,0
11740,0,0,2.982,-173.92,359.113,0,0,0,0
11741,0,0,2.995,-175.426,359.148,0,0,0,0
11742,0,0,3.005,-176.445,359.151,0,0,0,0
11743,0,0,3.018,-177.945,359.118,0,0,0,0
11744,0,0,3.039,-178.958,359.071,0,0,0,0
11745,0,0,3.026,-180.428,358.97,0,0,0,0
11746,0,0,3.051,-181.451,358.865,0,0,0,0
11747,0,0,3.066,-182.907,358.74,0,0,0,0
11748,0,0,3.093,-183.889,358.587,0,0,0,0
11749,0,0,3.09,-184.892,358.452,0,0,0,0
11750,0,0,3.099,-185.875,358.285,0,0,0,0
11751,0,0,3.109,-187.302,357.972,0,0,0,0
11752,0,0,3.103,-188.281,357.771,0,0,0,0
11753,0,0,3.122,-189.264,357.539,0,0,0,0
11754,0,0,3.122,-190.708,357.178,0,0,0,0
11755,0,0,3.122,-191.663,356.879,0,0,0,0
11756,0,0,3.134,-193.096,356.471,0,0,0,0
11757,0,0,3.133,-194.031,356.143,0,0,0,0
11758,0,0,3.129,-194.975,355.822,0,0,0,0
11759,0,0,3.145,-196.364,355.302,0,0,0,0
11760,0,0,3.154,-197.293,354.944,0,0,0,0
11761,0,0,3.173,-198.648,354.367,0,0,0,0
11762,0,0,3.165,-199.971,353.75,0,0,0,0
11763,0,0,3.175,-200.888,353.336,0,0,0,0
11764,0,0,3.146,-201.767,352.872,0,0,0,0
11765,0,0,3.201,-203.085,352.201,0,0,0,0
11766,0,0,3.194,-204.33,351.507,0,0,0,0
11767,0,0,3.202,-205.207,350.986,0,0,0,0
11768,0,0,3.204,-206.439,350.228,0,0,0,0
11769,0,0,3.141,-207.652,349.426,0,0,0,0
11770,0,0,3.194,-208.861,348.6,0,0,0,0
11771,0,0,3.173,-210.006,347.746,0,0,0,0
11772,0,0,3.216,-211.149,346.876,0,0,0,0
11773,0,0,3.221,-212.33,345.964,0,0,0,0
11774,0,0,3.225,-213.452,345.008,0,0,0,0
11775,0,0,3.21,-214.546,344.061,0,0,0,0
11776,0,0,3.22,-215.285,343.401,0,0,0,0
11777,0,0,3.234,-216.313,342.396,0,0,0,0
11778,0,0,3.226,-217.025,341.703,0,0,0,0
11779,0,0,3.252,-218.031,340.669,0,0,0,0
11780,0,0,3.251,-219.027,339.628,0,0,0,0
11781,0,0,3.249,-220.022,338.554,0,0,0,0
11782,0,0,3.237,-220.93,337.478,0,0,0,0
11783,0,0,3.253,-221.857,336.382,0,0,0,0
11784,0,0,3.256,-222.735,335.301,0,0,0,0
11785,0,0,3.262,-223.571,334.18,0,0,0,0
11786,0,0,3.248,-224.406,333.017,0,0,0,0
11787,0,0,3.241,-225.201,331.845,0,0,0,0
11788,0,0,3.261,-225.99,330.594,0,0,0,0
11789,0,0,3.314,-226.74,329.367,0,0,0,0
11790,0,0,3.256,-227.451,328.122,0,0,0,0
11791,0,0,3.261,-228.129,326.828,0,0,0,0
11792,0,0,3.262,-228.689,325.568,0,0,0,0
11793,0,0,3.238,-229.281,324.281,0,0,0,0
11794,0,0,3.216,-229.856,323.001,0,0,0,0
11795,0,0,3.214,-230.382,321.673,0,0,0,0
11796,0,0,3.205,-230.883,320.361,0,0,0,0
11797,0,0,3.133,-231.36,319.04,0,0,0,0
11798,0,0,3.137,-231.805,317.731,0,0,0,0
11799,0,0,3.143,-232.227,316.391,0,0,0,0
11800,0,0,3.137,-232.475,315.51,0,0,0,0
